id,headline,body_text,source,url,date,language,label,label_confidence,evidence_url,source_type,augmentation
727cd784-eb42-4532-9075-49981182b663,Шаардык кеңешке кайрадан өткөн депутаттар буга чейин эмне иш жасаган?,"11-июлда Бишкек шаардык кеңешине кайра шайлоо болуп, жыйынтыгында 6 партия жеңишке ээ болду. Партиялар жана аймактык шайлоо комиссиясы бекиткен тизмекке ылайык, буга чейинки чакырылышта иштеген кеминде 14 депутат кайрадан мандатка ээ болду.  Алардын айрымдары шаардык кеңеште бир нече ирет депутат болгон. Factcheck.kg депутаттык креслого кайрадан ээ болгон талапкерлердин буга чейинки шаардык кеңеште жасаган ишине жана демилгелерине көз чаптырып көрдү. “Ата-Журт Кыргызстан” партиясынын курамында эң көп “эски-жаңы” депутаттарды көрсө болот. “Ата-Журт Кыргызстан” Бул партиядан 9 депутат мандатка ээ болсо, алардын төртөө эски депутаттар: №1. Бактыбеков Алымбек,буга чейин “Республика – Ата Журт” партиясы менен шаардык кеңешке өткөн. Ал экс-президент Курманбек Бакиевдин аппарат жетекчиси болгон Үсөн Сыдыковдун небереси экени белгилүү. Бактыбековдун атасы – Жогорку Кеңештин мурдагы депутаты (“Республика – Ата Журт”) Бактыбек Сыдыков. Сыдыков 2020-жылкы парламенттик шайлоого “Мекеним Кыргызстан” партиясынын курамында аттанган. Алымбек Бактыбеков шаардык кеңеште депутат болгон мезгилде бизнеси менен гана алек болгону белгилүү. Ал “АККА” Компаниялар тобу ЖАОнун башкарманын төрагасы. Ал эми депутат катары “Ак-Өргө” жаңы конушундагы жаңы балдар аянтчаларынын ачылышынакатышкан. Аталган жаңы конушта ал бакча курууну сунуштап, ал үчүн жер тилкесинтаап берген. №2. Сурапбаев Таалайбек– “Кыргызстан” фракциясынан депутат болгон. Ал шаардык кеңешке 2018-жылы “Кыргызкөмүр” мамлекеттик ишканасынын башчысы болуп дайындалган Жолдошбек Жунушевдин ордуна келген. Апрель айындагы шайлоодо Сурапбаев тизмекте 10 адамдын аягында болсо, акыркы шайлоодо биринчи орунга жылган. Бишкек шаардык кеңеште иштеп жүргөн кезинде Сурапбаев тууралуу бир дагы жаңылык табылган жок. Демек, депутат катары кандайдыр бир демилге көтөргөнү менен шайлоочунун эсинде калган эмес. №5. Досиев Эдик– “Өнүгүү-Прогресс” фракциясынын жетекчисинин орун басары. Ал 2019-жылы мандатын Жогорку Сот аркылуу Аликбай Парпиевден тартып алганы менен эле белгилүү болбосо, анын депутаттык иши жөнүндө маалымат ачык булактардан табылган жок. №7. Конгантиев Куванычбек– “Кыргызстан” фракциясынын лидери. Мурдагы башкы прокурор Камбаралы Конгантиевдин уулу жана мурдагы ички иштер министри Молдомуса Конгантиевдин иниси. Кубанычбек Конгантиев 10 жылдан бери депутат. Алгач 2011-жылы “Республика” партиясынан, андан соң “Кыргызстан” партиясынан шайлоо өнөктүгүн утуп келген. Кесиптештерине караганда шаардык кеңеште бир нече демилге көтөргөн. 2020-жылкы парламенттик шайлоого “Биримдик” партиясы менен аттанган, ал эми апрель айындагы шайлоодо Кыргызстан элдик демократиялык партиясынын катарына кошулган. Жалпысынан Конгантиев беш партия алмаштырганга үлгүргөн. “Ынтымак” “Ынтымак” партиясынын талапкерлери жети мандатка ээ болсо, анын ичинен төртөө учурдагы депутаттар: №2. Эргешов Казыбек– Бишкек шаардык кенешинин 26, 27-чакырылыштарынын депутаты, “Республика – Ата-Журт” фракциясынын жетекчисинин орун басары. Акыркы эки жылда мектепке чейинки жана мектептеги билим берүү тууралуу кеп козгогон. Жети баласы бар болгонуна карабай, мектеп лагерлери боюнча ага сунуштар түшпөгөнүн айткан. Мындан тышкары, мэрияга еврей мектебинин коммуналдык төлөмдөрүн төлөбөшүн сунуштаган. Депутат кыш мезгилинде сабактардын санын азайтуу сунушун киргизгени менен да белгилүү. 2020-жылкы парламенттик шайлоого “Мекеним Кыргызстан” партиясынын курамында ат салышкан. №3. Жолдошбаева Наргиза– учурда “Өнүгүү-Прогресс” партиясынын депутаты. “Беш-Сары” ЖЧКсынын башкы директору жана унаасы жок кесиптештеринен уялган Камчыбек Жолдошбаевдин кызы. Жолдошбаева тууралуу ачык булактардан маалымат издесек, жалаң атасынын же өзүнүн бизнесине байланышкан жаңылыктар чыгат, ал эми анын депутаттык ишмердүүлүгү тууралуу маалымат табылган жок. №4. Калыков Мийзамидин– учурда “Республика – Ата Журт” фракциясынын депутаты. Анын буга чейинки ишмердүүлүгү, демилгелери тууралуу маалымат дээрлик жок. Бир гана гидроэлектростанцияларды куруу менен алектенген “Кыргыз гидроэнергострой” ЖЧКсы жана бышкан кыш менен чатыр плиткаларды өндүргөн “Кан Ти Мал” ЖЧКсы тууралуу маалымат табылды. №5. Сариев Таалайбек– “Өнүгүү-Прогресс” партиясынын 26, 27 чакырылыштарынын депутаты, Камчыбек Жолдошбаевдин иниси.  Сариев тууралуу бир нече жаңылык табылды. Ал Бишкектеги Ленин районунун тургундарына пандемия учурунда жардам берген жана райондордун аталыштарын өзгөртүүнү сунуштаган. “Ишеним” “Ишеним” партиясы сегиз мандатка ээ болсо, алардын үчөө учурдагы депутаттардын колуна тийди. №1. Аматов Рысбай– шаардык кеңештин 26, 27-чакырылыштарынын депутаты, “Өнүгүү-Прогресс” фракциясынын лидеринин орун басары. 26-чакырылышка “Ата Мекен” партиясынын жеңиши менен келген. 2018-жылы Биринчи май районун Чыңгыз Айтматовдун ысымына которууну демилгелеген. Мындан тышкары, мурдагы мэр Албек Ибраимовго ишеним көрсөтпөө маселесин биринчи болуп көтөргөн. №2. Исмаилов Сайдахмат– Бишкек шаардык кеңешинин 25, 27- чакырылыштарынын депутаты, “Өнүгүү-Прогресс” фракциясынын лидеринин орун басары. Апрель айындагы шайлоого КЭДП менен аттанса, былтыр күзүндө “Биримдиктин” катарын толуктаган. Акыркы шайлоо өнөктүгүн “Ишеним” партиясы менен жеңди. Исмаилов тууралуу жаңылык дагы көп эмес. Ал мектептердин жыш толгонун жана соода борборлорунун курулушун сынга алган. №7. Акылбеков Асылбек– “Өнүгүү-Прогресс” фракциясынын лидери. 2020-жылы мурдагы мэр Азиз Суракматовдун Нариман Түлеевге кызматын өткөрүп берүүсүн сынга алган. Мындан тышкары эч бир демилге көтөрүп чыккан эмес. “Эмгек” “Эмгек” партиясы 11 мандатка ээ болсо, алардын үчөө учурдагы кандидаттарга тиет. №1. Досалиев Эльмир– “Республика – Ата Журт” фракциясынын депутаты. 2020-жылы “Тунгуч” микрорайонундагы унаа токтоткучтун ордуна балдар аянтчасын курууну сунуштаган.  2018-жылы мэриядан Бишкектеги авариялык абалдагы 700 лифтти алмаштыруу үчүн насыя алса болобу деп мэриядан сураган. №5. Абдиев Бактыбек– “Республика – Ата-Журт” фракциясынын лидеринин орун басары. “Молодежный” бакчасынын ачылыш аземине катышкан. Ал Бишкек менен Пекиндин ортосундагы кызматташтыкты бекемдөө максатында шаардык кеңештин делегациясынын курамында Кытайга барып келген. №10. Салымбеков Жумабек –КСДП фракциясы, шаардык кеңештин 24, 25, 26, 27 чакырылыштарынын депутаты. “Дордой” жаңы конушунда бюджеттин эсебинен бала бакча куруу мүмкүнчүлүгүн караган, шаардык кеңеште тартип маселесин көтөргөн. “Социал-демократтар” Социал-демократтар 5 мандатка ээ болсо, талапкерлердин катарында буга чейин депутат болгондор жок. “Өнүгүү-Прогресс” “Өнүгүү-Прогресс” 5 мандатка ээ болсо, талапкерлердин катарында буга чейинки депутаттар жок.",factcheck.kg,https://factcheck.kg/ky/otkryvali-ploshhadki-predlagali-menyat-nazvaniya-rajonov-otsuzhivali-mandaty-kakoj-byl-tolk-ot-deputatov-kotorye-povtorno-proshli-v-bgk/,,kyrgyz,-1,0.0,https://factcheck.kg/ky/otkryvali-ploshhadki-predlagali-menyat-nazvaniya-rajonov-otsuzhivali-mandaty-kakoj-byl-tolk-ot-deputatov-kotorye-povtorno-proshli-v-bgk/,fact_check,original
60e4bf3b-6f13-4e6c-839a-797a75817938,Түркия Кыргызстанга учкучу жок учактарды берет деген маалымат жалган,Жаңылык Түркиянын массалык маалымдоо каражаттарына таянуу менен даярдалган. Бирок Түркиянын беделдүү ири басылмаларында мындай маалымат табылган жок. Жаңылыкты ким жана кандай максат менен жазганы белгисиз.,factcheck.kg,https://factcheck.kg/ky/informacziya-o-tom-chto-turcziya-peredast-kyrgyzstanu-bespilotniki-fejk/,,kyrgyz,1,1.0,https://factcheck.kg/ky/informacziya-o-tom-chto-turcziya-peredast-kyrgyzstanu-bespilotniki-fejk/,fact_check,original
b2e6eec3-52a6-471e-91d5-c00324458fd4,АКШ Рамзан Кадыровду санкциялык тизмектен чыгарып салдыбы? Текшеребиз,"Чечнянын башчысы Рамзан Кадыров АКШнын санкциялык тизмегинен чыгарылды. Бул тууралуу орусиялык URA.ru ЖМКсыбилдирди. Ал билдиргендей, бул тууралуу маалымат АКШнын Каржы министрлигинин сайтында жарыяланган. Айткандарын тастыктоо иретинде авторлор документтен төмөнкү үзүндүнү келтиришет: “Тизмекке төмөнкү алып таштоолор киргизилди <…> КАДЫРОВ Рамзан Ахматович”, – деп билдирет сайт. OFAC уюму Specially Designated Nationals List (SDN) жактардын кара тизмегин жарыялап келет. Кадыров ушул тизмектен чыгарылган. Бирок Рамзан Кадыров бул барактагы “өзгөртүүлөр тизмегине” да киргизилген”, – деп айтылатжаңылыкта. Factcheck.kg редакциясы бул жаңылыктын аныктыгын текшерип көрдү. АКШнын Каржы министрлигининмаалыматыбоюнча, 14-ноябрда чынында элеөзгөчө белгиленген жана блоктолгон адамдардынтизмегине өзгөртүүлөр киргизилген. Эсерте кетсек, OFAC (Office of Foreign Assets Control же АКШ Каржы министрлигинин чет элдик активдерге көзөмөл жүргүзүү башкармалыгы, ред. түш.) алып барган тизмекке АКШнын сырткы саясатына же улуттук коопсуздук максаттарына коркунуч жараткан же ага тоскоолдук кылган ишмердүүлүккө тиешеси бар деп АКШ өкмөтү эсептегентараптар киргизилет. OFAC тарабынан башкарылуучу ар кандай санкциялык программаларга байланыштуу жеке адамдар, юридикалык жактар, соттор, кызмат адамдары жана уюмдар тизмекке киргизилиши мүмкүн. Мекеменин документинде Рамзан Кадыров тууралуу “Кадыров Рамзан Ахмадович” деген транскрипциядагы маалыматтар алынып, “Кадыров Рамзан Ахматович” деген транскрипциядагы маалыматтар киргизилгени айтылат. Башкача айтканда, документте саясатчынын атасынын ысмынын жазылышына гана өзгөртүүлөр киргизилген, ушул нерсе жаңылык жазууга негиз болгон. Ошондой эле, учурда колдонуудагы санкциялык тизмектинSanctions List Searchсайтында Рамзан Кадыров тууралуу маалыматты тапса болот. Маалыматтар базасында санкцияга байланыштуу актуалдуу маалыматтар камтылган: Америкалыккаржы министрлигининбилдирүүсү боюнча, Рамзан Кадыров Чечнянын жарандарын Украинадагы согушка мобилизация кылган. “Эл алдында өзүн Путиндин “жоокеримин” деп атаган Кадыров Орусиянын Украинага кол салуусундагы ролу үчүн “генерал-лейтенант” деген аскердик наамга чейин көтөрүлгөн. Кадыровго таандык чечендердин аскердик бөлүктөрү орус аскерлери мыкаачылык кылып, үйлөрдү талкалаган Бучада жайгашкан болчу. Орусиянын аскердик аракеттерине катышуу үчүн адамдарды ал спорттук мушташ клубдары аркылуу жалдайт, бул ага жана анын бөлүктөрүнө Украинадагы согушун улантууга мүмкүндүк берет”, – деп айтылат мекеменин документинде. Ошол эле кезде, Кадыров Владимир Путин менен жакындыгын колдонуп, чоң байлыкты топтогонго жетише алган. Ал Бириккен Арабдар Эмиратында үй, жеке менчик зоопарк, кымбат баалуу автоунааларды сатып алган. Ошондой эле АКШнын бийликтери анын бир катар жакын туугандарына карата чараларды көргөн: Тыянак: көз жазгыруу.АКШнын Каржы министрлиги чынында эле Рамзан Кадыров тууралуу “Кадыров Рамзан Ахмадович” деген транскрипциядагы маалыматтарды алып салган, бирок “Кадыров Рамзан Ахматович” деген транскрипциядагы маалыматтарды киргизген. Бирок орусиялык басылма маалыматтардын алынып салынганына гана басым кылып, аны материалдын аталышына алып чыккан.",factcheck.kg,https://factcheck.kg/ky/ssha-isklyuchil-ramzana-kadyrova-iz-sankczionnogo-spiska-proveryaem/,,kyrgyz,0,0.8,https://factcheck.kg/ky/ssha-isklyuchil-ramzana-kadyrova-iz-sankczionnogo-spiska-proveryaem/,fact_check,original
d2f2fc63-d10a-4eee-91a8-26e2d09c61b8,"“Жоопкерчиликтүү кызматта турам, четтегенге болбойт” – Ташиевдин билдирүүсүн текшеребиз","21-июнда УКМК башчысыКамчыбек Ташиев“Азаттык” үналгысынын кабарчысынын суроолоруна жооп берди. «Айыл Банк» ААК башкармалыгынын төрагасынын мурдагы орун басары Бакыт Асанбаевдин УКМКнын СИЗОсунда каза болгондугуна байланыштуу Ташиевдин дарегине айтылган сын-дооматтар жана убактылуу кызматтан четтеп туруу керектиги жөнүндө журналисттин суроосуна Ташиев“Мен ушундай жоопкерчиликтүү кызматта турам, убактылуу четтеткенге болбойт”, –  деп жооп берди. Factcheck.kgбул билдирүүнү текшерип көрдү. Өкмөттүнрасмий сайтындагымаалыматка ылайык, Министрлер Кабинетинин Төрагасынын орун басары – Улуттук коопсуздук мамлекеттик комитетинин төрагасы кызматын аркалайт жана Министрлер кабинетинин мүчөсү болуп саналат. Кыргыз Республикасынын Министрлер Кабинетижөнүндө мыйзамынын12-беренесинде Министрлер Кабинетинин мүчөлөрүнүн ыйгарым укуктарын аткаруудан четтетүү тууралуу мындай деп айтылат: Министрлер Кабинетинин мүчөсү ага карата кызматтык тергөө жүргүзүү мезгилине же тергөө жана соттук териштирүү мезгилинде өзүнүн ыйгарым укуктарын аткаруудан Президент тарабынан мыйзамга ылайык четтетилиши мүмкүн. Мындан тышкары, УКМК жетекчиси этикалык себептерден улам кызматтан кетиши мүмкүн, себеби ал комиссиянын ишинин жыйынтыгына саясий таасир этиши мүмкүн Белгилей кетсек, мыйзамда “жоопкерчиликтүү кызмат” деген түшүнүк жок. 18-июнда президент Садыр Жапаровдун тапшырмасы менен “Айыл банктын” башкармалыгынын төрагасынын мурдагы орун басары, саясат таануучу Марат Казакпаевдин өлүмү боюнча фактыларды иликтөө боюнча жумушчукомиссия түзүлгөн. Эске салсак, 16-июндаFactcheck.kgУКМК жетекчисинин “Жаңы жүздөр” басылмасына берген эксклюзивдүү маегин текшерип, анда манипуляция, коркутуу жана жалган маалымат 13 ирет айтылганынаныктаган. Жыйынтык: жалган.Ташиевдин “кызматтан убактылуу четтегенге болбойт” деген билдирүүсү чындыкка дал келбейт.",factcheck.kg,https://factcheck.kg/ky/otvetstvennaya-dolzhnost-nelzya-otstranyat-proveryaem-slova-tashieva/,,kyrgyz,0,0.67,https://factcheck.kg/ky/otvetstvennaya-dolzhnost-nelzya-otstranyat-proveryaem-slova-tashieva/,fact_check,original
854e1f9e-3dcc-45a9-b5a8-33b649bff87a,“Мекенчил Эл” партиясы өзбекстандык жана россиялык партиялардын программаларын көчүрүп алган,"“Мекенчил Эл” саясий партиясы шайлоо программасын өзбекстандык “Адолат” жана россиялык “Единая Россия” партиясынын программаларынан көчүрүп жазган. Factcheck.kg аталган партиянын программасынын текстин текшерип, плагиат таап чыкты. Программа социалдык теңдик, медицина, калктын ден-соолугу жана улуттук фармацевтика аттуу бир нече блоктон турат. Текст өзбекстандык “Адолат” социал-демократиялык партиясынын программасына 95% шайкеш келет. Башкача айтканда программа өзгөртүүсүз, сөзмө-сөзкөчүрүлгөн. “Адолат” Өзбекстан социал-демократиялык партиясынын шайлоо программасы “Мекенчил Эл” партиясынын программасы Ал эми калган блоктор “Единая Россия” партиясынын программасынан алынган. “Мекенчил Эл” партиясынын курамында кимдер бар? “Мекенчил Эл” 2021-жылдын 3-июнунда каттоодон өткөн жаңы партия. Партиянын жетекчисиБакыт Ибраев. Factcheck.kgсаясий уюмдун алгачкы он талапкери тууралуу маалыматты ачык булактардан издеп көрдү. Талапкерлердин көбү ишкерлер. Өмүрзак Төлөбеков – сценарист, продюсер жана“Ак-Жол”,“Ак-бата”,“Жаңылык”гезиттеринин жетекчиси.Анын “Семетей Манастын уулу” аттуу эл аралык кино долбооруна Садыр Жапаров демөөрчүлүк кылган. Ахунбай Кошоев–  Талас облусунун Көпүрө-Базар айылынын тургуну, Эркин экономикалык аймагынынинвесторлор ассоциациясынын директору. Юстиция министрлигинин маалыматына ылайыкDOLKON & TABAK,“Озкент” тамеки компанияларын негиздеген. Гүлмира Жаанбаева– чийки муңай өндүрүүчү“Ат Башы ОЙЛ”ЖЧКсына мунай өндүргөн“Жун Мин Ю Чи” кытайлык фирмасына жетекчилик кылат. Ал социалдык тармактагы баракчасында Жусуп Баласагын атындагы Улуттук университетинде “Укук таануу” адистигинде окуганынкөрсөткөн. Маматкадыр Тиллебаев– БШК сайтында жумушсуз деп көрсөтүлгөнүнө карабай, Юстиция министрлигинин маалымат базасына ылайык, 10 компаниянын негиздөөчүсү: Нарынбек Молдоисаев– Нарын облусунун ички иштер башкармасынын мурдагы жетекчиси. Абдыкадыр Султанбаев–ЖКнын лингвистикалык экспертиза бөлүмүнүн башчысы, КР Журналисттер союзунун төрагасы.Declaratorпорталынын маалыматына ылайык, 2018-жылы 1 млн сомго чейин киреше тапкан. Анын жакын тууганына аянты 190 чарчы метр үй жана 165 чарчы метрлик курулуш таандык. Нуржан Джумагазиева-Жусуп Баласагын атындагы КУУнун журналистика факультетинин полиграфия кафедрасынын башчысы. Самат Үсөнбаев– Ысык-Көл облусунун ички иштер башкармалыгынын кенже инспектору. Ороке уулу Ырысбек– жумушсуз. Бул талапкер тууралуу маалымат ачык булактардан табылган жок. Жыйынтык:“Мекенчил Эл” саясий партиясы шайлоо программасын өзбекстандык “Адолат” жана россиялык  “Единая Россия” партиясынын программаларынан көчүрүп жазган.",factcheck.kg,https://factcheck.kg/ky/ocherednoj-plagiat-mekenchil-el-skopirovala-programmu-u-edinoj-rossii-i-uzbekskoj-partii-adolat/,,kyrgyz,0,1.0,https://factcheck.kg/ky/ocherednoj-plagiat-mekenchil-el-skopirovala-programmu-u-edinoj-rossii-i-uzbekskoj-partii-adolat/,fact_check,original
deade9af-5e90-459d-b7b3-66c097b600bf,Президенттик Аппараттын чыгымдары 1 млрд сомдон ашык. Бул пландалгандан ЖЕТИ эсе көп,"Кыргызстан президентинин Аппаратын каржылаганга быйыл акыркы бир канча жылга салыштырмалуу рекорддук өлчөмдөгү каражат жумшалган. Бул нерсе өлкөнүн бюджетинде да рекорддук дефицит байкалганда болуп жатат. “Ачык бюджет” порталындагы маалыматтарга ылайык, президент апппаратынын чыгымы быйыл136.9 млнсомду түзүшү керек болчу. Белгилей кетүүчү жагдай, бул сан планда жыл сайын көрсөтүлүп келет. Бирок президенттик кызматка Садыр Жапаров шайлангандан баштап президенттик аппараттын чыгымы башында, 2021-жылы, эки эсе өскөн, ал эми 2022-жылы – жети эсе (январь-ноябрь). “Ачык бюджет” порталы президенттик администрациянын акыркы төрт жылдагы чыгымдарын гана билгенге мүмкүнчүлүк берет, бирок ал абалды так аныктаганга жетиштүү: Редакция президент аппаратынын 2022-жылдын 11 ай аралыгындагы чыгымдарынын рейтингин түздү: Чыгымдардын арасында эң көп чыгымдар “Резервдик фонддор” статьясындагы “Башка ар түрдүү чыгымдар” деген бөлүмдө байкалган – 626.5 млн сом же $7.4 миллиондон ашыгыраак. Ошол эле кезде бюджетте каралган план боюнча, бул чыгымдардын өлчөмү 32.5 млн сом болушу керек болчу, б.а. чыгымдар пландалгандан 19 эсе көп болгон. “Резервдик фонд” – бул президенттин жеке фонду экендиги жана андагы каражаттарды каякка жумшаарын ал өзү чече тургандыгы белгилүү: Чыгымдардын өлчөмү боюнчаэкинчи орунда“Айлык акы” бөлүмү турат – дээрлик 308 млн сом: Чыгымдар пландалгандан 3.6 эсе көп болду. Үчүнчү орундаПенсиялык фондго, Милдеттүү медициналык камсыздандыруу фондуна (ММКФ) жана Эмгекчилердин ден соолугун чыңдоо фондуна социалдык төлөмдөр турат – 42.3 млн сом. Айлык акы, пенсиялык төлөмдөр сыяктуу милдеттүү чыгымдардан кийинтөртүнчү орунда“Товарларды жана кызматтарды колдонуу” бөлүмү турат. Президенттик аппарат пландалган суммадан 6 эсе көп каражат колдонгон, б.а. чыгым 5.86 млн сомдун ордуна 35.66 млн сом болгон. Бул чыгымдардын дээрлик жарымын мейманкаларга байланыштуу эки пункт боюнча чыгымдар түзгөн – 16.2 млн сом (14.98 млн + 1.22 млн) же $191.8 миң. “Транспорттук чыгымдарга” тиешелүү эки пункт боюнча чыгымдар 9.2 млн сомду (7.87 млн + 1.35 млн) же $109.3 миң түзгөн. Аппарат кызматкерлеринин 11 айдагы иш сапарларынын суткалык чыгымдарын жабууга дээрлик 4.8 млн сом ($57.2 миң) жумшалган. Ошондой эле товарларга жана кызматтарга төмөнкү пункттар кирет: башка транспорттук чыгымдар (2.7 млн сом), тамак-аш продуктыларын сатып алуу (2.6 млн сом) жана башка чыгымдар (69.7 миң сом). “Товарларды жана кызматтарды сатып алуу” бөлүмүбешинчи орундатурат – 763.5 миң сом (пландан 2.6 эсе көп). Негизги сумма – 716 миң сом  – утурумдук чарбалык максаттар үчүн буюмдарды жана материалдарды сатып алууга колдонулган. Алтынчы орундабаккан адамынан айрылгандыгына байланыштуу компенсациялык төлөмдөр турат – жарым миллион сом. Президенттик аппараттын чыгымдары боюнча жалпы абал төмөнкүдөй: Тыянак:2022-жылдын январь-ноябрь аралыгында президенттик аппараттын чыгымы 1 млрд 13.9 млн сомду түздү, бул пландаштырылган суммадан жети эсе көп. Бул чыгымдардын 62% президентке караштуу “Резервдик фондго” туура келет. Фонддун чыгымдары сыр болуп эсептелет. Бюджетти каражаттар бул салык төлөөчүлөрдүн акчалары. Былтыр декабрдабелгилүү болгондой, президенттик резервдик фонддун өлчөмү республикалык бюджеттин 2%на чейин жеткирилген. Ушуга байланыштуу 2022-жылдын бюджети 281 млрд сомду түзсө, резервдик фонд 2.8 млрд сом болушу керек. Ошол эле кезде журналисттер Тажикстан менен болгон жаңжалдан кийин президенттик фонддон баткендиктерге жардам көрсөтүлгөндүгү тууралуу бир дагы маалымат таба алышпады. Быйыл, президенттин басма сөз кызматынынмаалыматтарынатаяна турган болсок, мамлекет башчы резервдик фонддон төмөнкү иштерге каражат бөлгөн: Жалпысынан, 11 ай аралыгында президент резервдик фонддон 15.8 млн сом ($187.1 миң) каражат бөлгөн. 2022-жылдагы жалпы чыгымдары 626.5 млн сом же$7.4 млн түзгөн резервдик фонддун башка чыгымдары тууралуу эч бир маалыматтар жок.",factcheck.kg,https://factcheck.kg/ky/apparat-prezidenta-oboshelsya-byudzhetu-v-1-mlrd-somov-eto-v-sem-raz-bolshe-zaplanirovannogo/,,kyrgyz,0,1.0,https://factcheck.kg/ky/apparat-prezidenta-oboshelsya-byudzhetu-v-1-mlrd-somov-eto-v-sem-raz-bolshe-zaplanirovannogo/,fact_check,original
e2caf98b-41b4-43d8-8bf2-9cf69d90de7e,Темир Сариевдин үйүнөн табылган алтын тууралуу маалымат — фейк,"Темир Сариевдин үйүнөн  бир нече кап алтын табылганы тууралуу маалымат Facebook социалдык тармагында пайда болду. Автор маалыматтынбулагыкатары Айкын Маматова аттуу колдонуучунун баракчасын көрсөткөн. Бирок, анын лентасында тиешелүү маалымат табылган жок. Сүрөттү Яндекс аркылуу издегенибизде, ал BittaDarvesh аттуу өзбекстандык колдонуучунун твиттер баракчасынан табылды.  Бул колдонуучу алтындын сүрөтүн үстүбүздөгү жылдын 3-майындажүктөгөн. Мындан башка сүрөт табылган жок. Жыйынтык: жалган.Бир нече капка салынган алтындын сүрөтүн өзбекстандык колдонуучу 2020-жылдын 3-майында твиттер баракчасына жүктөгөн. Анын Темир Сариевге тиешеси жок.",factcheck.kg,https://factcheck.kg/ky/meshki-s-zolotom-doma-u-temira-sarieva-nepravda/,,kyrgyz,1,0.67,https://factcheck.kg/ky/meshki-s-zolotom-doma-u-temira-sarieva-nepravda/,fact_check,original
eb7cc900-2a69-4bf4-8a1e-80ad7d0e3365,Каабанын үстүнөн учактар жана куштар учалбайбы? Текшеребиз,"Коомдук тармактарда Каабанын үстүнөн учууга тыюу салынган, ал эми Меккеде аэропорт жок деген маалымат таркатылууда. Factcheck.kg сайтынын редакциясы бул маалыматты текшерди. Автордун маалыматы боюнча, Кааба – жердин борбору. Ал эч кандай кыйшаюусуз, деформациясыз жердин чок ортосунда жайгашкан. “Ал тартылуу борбору болгондуктан, ал табигый түрдө магниттык заряддарды ушул жерге тартат. Ал күндүн чыгышын биринчи болуп тосуп алган жер. Ушул себептерден жана да Кааба Жердин тартылуу борбору, космикалык нурлар, жердин бетиндеги гравитация тартылып кошулган борбор, аба катмарындагы вакуумдук аймак болгондуктан. Алмагниттик тартылуу борбору болгондуктан, Каабанын үстүнөн куш менен да, учак менен да учуп өтүүгө болбойт. Илим дагы аны тастыктагандай, магиттик тартылуу үчүн учактар да куштар да Каабанын үстүнөн учуп өтө албайт”, –деп бөлүшөт автор. Меккеде магниттык аномалиялар барбы? Жердинмагниттик талаасыанын “суюк ядросуна” байланыштуу. ПариждегиЖер шарынын физикасы институтунун(IPGP) улук илимий кызматкери Жюльен Обер спутник аркылуу алынган жердин акыркы 20 жылдагы магниттик талаасы тууралуу маалыматтарды талдап чыгып, ушундай жыйынтыкка келген. Обердин айтымында, Жерде чынында эле магниттик аномалиялар бар, бирок ал “Меккеде эч бир өзгөчөлүктү” байкаган эмес. Ошону менен бирге ал кошумчалагандай, кайсы бир жерде магниттик аномалия болгон күндө да, анын үстүнөн учактар уча алат. “Магниттык аномалиялар учактарга жолтоо боло албайт. Алар компастын туура иштөөсүнө гана тоскоолдук жаратышы мүмкүн, бирок учактар геолокациянын заманбап системаларын колдонушат”, – дейт Обер. Меккеде куштар барбы? Меккеде көп сандагы көгүчкөндар бар экендиги жана алар Аль-Харам мечитине көп зыян алып келишери белгилүү. Бул тууралуу, мисалы,alarabiya.netМеккенин катчылыгына таянуу менен билдирген. Имараттарды булгаган көгүчкөндөр менен шаардын тургундары тынымсыз күрөшүп келишет. Сан жагынан көбөйүп жаткан көгүчкөндөр Мекке шаарынын көчөлөрүндөгү жана турак-жайларындагы тазалыкка зор залакасын тийгизүүдө. Меккенин тургундары терезелерин бекем жапканга аракет кылышат, айрымдары зыянкечтер менен күрөшкөн компанияларга кайрылып, терезелерге, чатырларына көгүчкөндөр уя салып алышпасын деп электр тогу бар түзүмдөрдү орнотуп келишет. Улуу окумуштуулар комитетинин мүчөсү, профессор Али Абас Хакими Меккенин тургундарын көгүчкөндөргө жем бербөөгө чакырды, анын пикиринде, мындай жол менен канаттуулардын санын мечиттерде кыскартса болот. Андан сырткары, Каабанын үстүндө учуп жүргөн куштар тартылган көптөгөн сүрөттөр бар. Учактарга Каабанын үстүнөн учууга тыюу салынганбы? Диний себептерге байланыштуу Сауд Аравиясындагы Меккенин үстүнөн учууга тыюу салынган. ФранциянынАвиакомпаниялар учкучтарынын улуттук союзу(SNPL) билдиргендей, Сауд Аравиянын бийлиги “Каабага урмат-сый мамиленин идеологиялык себептеринен улам” учууларга тыюу салган. Меккемусульмандарга гана кирүүгө уруксат берилгеныйык шаар болуп эсептелет. Бул анын үстүндөгү аба мейкиндигине да тийшитүү. Меккеде аэропорт жокпу? Чынында, Меккенин өз аэропорту жок. Эң жакын аба порту Меккеден 89 км аралыкта жайгашкан Джидда шаарында –King Abdulaziz International (JED). Ал эл аралык аэропорт болуп саналат. Жакындыгы боюнча андан кийинки аэропорт –Таиф. Ал дагы эл аралык жана жергиликтүү рейстерди тейлейт. Ал Меккеден 90 км аралыкта жайгашкан. Тыянак:калп.Меккеде магниттик аномалиялар жок, Каабанын үстүнөн учуу диний себептерге байланыштуу мыйзам менен тыюу салынган. Ошондой эле шаарда көп сандагы канаттуулар бар.",factcheck.kg,https://factcheck.kg/ky/nad-kaaboj-ne-sposobny-letat-samolety-i-pticzy-proveryaem/,,kyrgyz,0,0.75,https://factcheck.kg/ky/nad-kaaboj-ne-sposobny-letat-samolety-i-pticzy-proveryaem/,fact_check,original
d49b9fd9-432e-4d47-af31-378c747f473a,"Yogi the dog with a human-like face(https://t.co/geQc8nzg7z…)pic.twitter.com/2IXixKdq9Y— 41 Strange (@41Strange)September 23, 2019","Социалдык тармактарда Нори аттуу автралиялык пудель тукумундагы иттин сүрөтү тарады. Норинин жүзү адам сымал болгондуктан, анын чыныгы жаныбар экенине көптөгөн колдонуучулар күмөн санап, сүрөт фотошоп менен жасалган деп шектеништи. Ал эмиFactchek.kgмаалыматтын чын-төгүнүн аныктады. Интернеттен «нори пудель» деп издесек,  буга чейин көптөгөн сайттар табышмактуу ит тууралуу макала даярдаганын көрөбүз. Демек, Нори жетишерлик деңгээлде атактуу. Бирок, Нориге чейин Йоги аттуу ит тууралуу айтылып келген. Йогинин жүзү да адамдыкындай болгон. Yogi the dog with a human-like face(https://t.co/geQc8nzg7z…)pic.twitter.com/2IXixKdq9Y — 41 Strange (@41Strange)September 23, 2019 Дал ошондо  Норинин ээси  Кевин Хёрлесс өзүнүн итинин сүрөттөрү менен бөлушө баштаган. I wonder if he’s related to Nori@figurativelolpic.twitter.com/tRLvIzuBU9 — kj (@HurlKevlar)September 24, 2019 Норинин таң калычтуу жүзү дароо колдонуучулар менен журналисттердин көңүлүн бурган. Ал эми Нори тез убакта ""жылдызга"" айланган. Бул иттин тукумунда адам сымал келбети барларкездешпегенинен улам, Норинин жүзү генетикалык мутациябы деген суроо туудурат. Көрсө, Нори  пудель жана  той-пудель тукумдарын аргындаштыргандан улам пайда болгон экен. Норинин сүрөттөрү жарыяланып турган инстаграм-аккаунту да бар:https://www.instagram.com/norichiban/. Чындык. Адам сымал ит – чыныгы жаныбар.",factcheck.kg,https://factcheck.kg/ky/sobaka-s-chelovecheskim-liczom-sushhestvuet-proveryaem/,,kyrgyz,0,1.0,https://factcheck.kg/ky/sobaka-s-chelovecheskim-liczom-sushhestvuet-proveryaem/,fact_check,original
4b65d03c-df50-4a88-a61f-4090a3385e01,Кыргызстан Орусияга куралдардын мээлөө дүрбүлөрүн 10 млн сомго экспорттогон,"Иллюстративдүү сүрөт Factcheck.kg редакциясы Кыргызстан менен Орусиянын быйылкы 8 айдын ичиндеги экспорттук-импорттук соода операцияларын талдап чыкты. Бул убакыттын аралыгында биздин республика Орусия Федерациясына куралдардын мээлөө дүрбүлөрүн 10 млн сомго экспорттогону белгилүү болду. КР Улуттук статкомитеттин маалыматы боюнча, быйыл январь-августта Кыргызстан “куралга орнотуу үчүн телескоп мүнөздөгү мээлөө дүрбүлөрү; перископтор; машиналардын, аспаптардын, шаймандардын же аппараттардын бөлүктөрү катары даярдалган көрүү трубалары” (ТЭИ ТН 9013100000, ред. түш.) деген аталыштагы товарлардын тобун67 млн сомго (1575 даана)импорттогон. Мээлөө дүрбүлөрү, перископтор жана топтун башка товарлары республикабызга негизиненКытайданалынып келинген – 18 млн сомдон ашык суммага 956 даана.Жапонияданазыраак алып келинген, бирок алар кымбатыраак болгон – 21 млн сомго 122 даана. Үчүнчү орундаАКШ– 9,3 млн сомго 177 аспап. Бирок да алынып келинген товардын баардыгы Кыргызстандын аймагында калган эмес. 300 миң сомго бир аспап АКШга экспорттолгон. Дагы 10 млн сомго 285 даана Орусияга жиберилген. Белгилей кетүүчү жагдай, 2021-жылга салыштырмалуу бул топтогу товарлардын импорту үч эсе өскөн. Өткөн жылы Кыргызстанга ушундай товарлардан 30 млн сомго 514 даана алынып келинген. Ал эми экспорт 2021-жылга салыштырмалуу 7 эсе өскөн – былтыр 1,3 млн сомго 41 аспап экспорттолгон (бир гана Орусияга). 2020-жылы бул топтогу товарлардын 599у Кыргызстанга алынып келинген, ал эми экспорт нөлгө барабар болчу. Тыянак:Куралга коюлуучу телескоп мүнөздөгү мээлөө дүрбүлөрүнүн Орусияга экспорту 7 эсе өсүп, алардын суммасы 10 млн сомду түзгөн.",factcheck.kg,https://factcheck.kg/ky/kyrgyzstan-eksportiroval-v-rossiyu-priczelov-dlya-oruzhiya-na-10-mln-somov/,,kyrgyz,-1,0.0,https://factcheck.kg/ky/kyrgyzstan-eksportiroval-v-rossiyu-priczelov-dlya-oruzhiya-na-10-mln-somov/,fact_check,original
