id,headline,body_text,source,url,date,language,label,label_confidence,source_type
05c40e2a-a45b-457f-9221-17a3cd34a5cb,"""БАЭдеги мунай аймактарын өрттөдү"". Тегеран АКШнын кылгандарын ачыктап жатат","БИШКЕК, 5-май — Sputnik.Бириккен Араб Эмирликтериндеги мунайдын аймагын америкалык аскер кызматкерлери өрттөгөн. Бул туурасында Тегерандагы аскердик маалымат булагы IRIB телерадиокомпаниясына билдиргенин РИА Новости жазды. ""Ирандын мунай объектилерине кол салуу планы болгон эмес. Окуя — Ормуз кысыгына кемелерге жол ачуу максатында жөнөтүлгөн америкалык аскерлердин авантюристтик аракеттеринин кесепети. Бул окуя үчүн дал ошолор жооп бериши керек"", — деген ал. Буга чейин Эмирликтердин бийлиги Фужейрадагы мунай аймагына чабуулдарга Иранды айыптаган. Өлкөнүн Коргоо министрлиги баллистикалык 12 жана канаттуу үч ракета, ошондой эле учкучсуз төрт аппарат атып түшүрүлгөнүн билдирди. Күйүүчү майдын баасы дүйнөдө дароо жогорулады. Алсак, Brent маркасындагы мунайдын баасы 5,5 пайызга кымбаттап, баррелине 114 доллардан ашты Февралдын аягында АКШ менен Израилдин аскердик операциясы башталгандан тарта Иран армиясы Жакынкы Чыгыштагы америкалык базаларга сокку уруп келет. 4-майда Иран тарап Ормуз кысыгы аркылуу өтүүгө аракет кылган АКШнын кемелерине эскертүү иретинде ок атканын билдирди. Бул кадам элдешүү келишимин бузуу катары бааланууда. Вашингтон Тегерандын бул айткандарын четке кагууда. Мындан бир аз мурда Кошмо Штаттар кысыктан болгону АКШ желеги илинген эки соода кемеси өткөнүн кабарлаган. Ал эми кечээ Ак үйдүн кожоюну Дональд Трамп ""Эркиндик долбоору"" (Project Freedom) операциясы башталганын жарыялады. Буга ар кайсы өлкөлөрдүн өтө албай калган кемелерди чыгарып берүүнү АКШдан өтүнгөнү себеп болгону айтылды. Өткөн жумада Вашингтон маселени жөнгө салуу боюнча сүйлөшүүлөр аяктаганга чейин элдешүү мөөнөтүн бир тараптуу узартты. Бирок диалогдон майнап чыккан жок. АКШ Ирандын портторуна блокада жарыялап, аны кепке келгенден соң токтоторун билдирди. Тегеран буга жооп кылып Ормуз кысыгын жаап жана мындан ары эч кандай байланышка чыкпай турганын айтууда. Трамп Ормуз кысыгында операция баштаарын жар салды. Ирандын жообу4 Бугу, 10:55",sputnik.kg,https://sputnik.kg/20260505/tegeran-akshnyn-araketin-kunoolodu-1101130927.html,13:34 05.05.2026(Жаңыртылды:13:40 05.05.2026),kyrgyz,0,high,news_site
08296ad9-c60f-4a94-ba3b-1efc3bc33737,6-майга карата аба ырайы,"БИШКЕК, 5-май. — Sputnik.Шаршембиде өлкөнүн көпчүлүк аймагында күн ачык болуп, жаан-чачын күтүлбөйт. Күндүз Нарын, Ысык-Көл облустарынын тоолуу райондорунда жамгыр жаап, күн күркүрөшү, бийик тоолуу райондордо кар түшүшү күтүлөт. Бул тууралуу Кыргыз гидрометеорология билдирди. Батыштан соккон шамалдын ылдамдыгы секундасына 4-9 метр, айрым жерлерде 15-20 метрге чейин жетет. Абанын температурасы Чүй, Талас облустарында +22...+27, Ош, Жалал-Абад, Баткен облустарында +23...+28, Ысык-Көлдө +16...+21, Нарын аймагында +19...+24 градус болот. Термометр Бишкекте +25...+27, Ош калаасында +24…+26 градусту көрсөтөт. 4-10-май ичи жаан-чачын көп болот. Бир аптанын аба ырайы3 Бугу, 16:49",sputnik.kg,https://sputnik.kg/20260505/6-mayga-karata-aba-yrayy-1101136304.html,21:20 05.05.2026,kyrgyz,0,high,news_site
08a8e406-fe33-440b-9a50-1a90012433a8,Унчукпай калба жана коркпо: жумушта жана коомдук транспортто харассментке кантип каршы туруу керек,"Изилдөөлөргө ылайык, Кыргызстанда ар бир төртүнчү аял жумуш ордунда сексуалдык ыдыкка дуушар болгон. Эмгек министрлиги Эмгек кодексине өзгөртүүлөрдү сунуштап, ага ылайык, ыдык көрсөткөндөр кызматкерге келтирилген моралдык зыянды жана материалдык чыгымды төлөп бериши керек. Бирок маселе – көпчүлүк адамдар өз укуктары бузулуп жатканын ачык айтуудан коркуп, унчукпай чыдап келишет. Харассмент жумуш ордунда да, коомдук транспортто да кездешип, адамдардын коопсуздугуна, психологиялык абалына олуттуу таасир этет. Көпчүлүк учурда жабырлануучулардын коркуп же уялып, бул тууралуу унчукпай коюушу көйгөйдү чечпестен, тескерисинче, анын улануусуна шарт түзөт. Харассментке каршы күрөшүү үчүн ар бир адам өз укуктарын билип, өзүн коргой алганы маанилүү. Бул багытта коомдун маалымдуулугун жогорулатуу, ошондой эле адистердин кеңештери өзгөчө роль ойнойт. “Көз мончок” уктуруусунда дал ушул маселеге кененирээк кайрылдык.",sputnik.kg,https://sputnik.kg/20260505/1101135982.html,17:04 05.05.2026(Жаңыртылды:17:16 05.05.2026),kyrgyz,0,high,news_site
1aa30575-9d92-4d43-89ec-5cb22615d6c5,Жаңылыктар. Чыгарылыш 13:00,"Ардактуу угармандар, жаңылыктар топтому менен таанышып алыңыздар!Бишкекте Жеңиш күнүнө карата бир топ иш-чаралар өтөтЗеленский менен Миндичтин көз боемочулугу канчалык жайылганы айтылды Кумтөрдүн кызматкерлери көчкү алдында калган италиялык туристтерди аман алып калышты. Эми кененирээк токтолобуз. Кумтөрдүн кызматкерлери көчкү алдында калган италиялык туристтерди аман алып калышты  Кырсык тууралуу гиддер Кумтөр кенинин коопсуздук кызматынын диспетчердик бөлүмүнө кабарлашкан. Туристтер кенден 23 км аралыкта калган.  Дрон менен кароодо алгач төрт турист табылган. Жеңил жаракат алган чет элдиктерге жеринде жардам көрсөтүлгөн.   Бешинчи турист саат 16.24тө табылып, мойнунан жаракат алганы аныкталган.  Чет элдиктер учурда ӨКМдин көзөмөлүндө. Бишкекте Жеңиш күнүнө карата бир топ иш-чаралар өтөт.Кыргызстанда Улуу Ата Мекендик согуштагы Жеңиштин 81 жылдыгын белгилөө боюнча иш-чаралар расмий эртеңден, 6-майдан тарта, башталат. Бишкек мэриясы иш-чаралардын тизмесин берди. Алар: 6-май саат 10:30да Ч. Түлөбердиев атындагы паркта ""Эскерүү оту"" аттуу акция өткөрүлөт; 6-май саат 11:00дө К. Молдобасанов атындагы улуттук консерваторияда ""Кызыл гвоздика — муундардын эсинде"" аттуу сынак-фестивалдын гала-концерти болот; 7-май саат 10:00дө ""1941–1945"" жана ""Түбөлүк эскеребиз"" эстеликтерине гүлчамбар коюлат; 7-май саат 10:00дө Төмөнкү Ала-Арчадагы монументтин жанында митинг-реквием өтөт; 8-май саат 11:00дө ""1941–1945"" эстелигине гүлчамбар коюлат; 8-май саат 10:00дө Д. Асанов атындагы аскер лицейинде митинг-реквием болот; 9-май саат 09:30да Жеңиш аянтында Улуу Ата Мекендик согуштагы Жеңиштин 81 жылдыгына арналган негизги иш-чара өтөт; 9-май саат 11:00дө Ч. Түлөбердиев атындагы паркта жоокер боткосу берилет; 10-май саат 14:00дө ""Диалог"" шаардык маданият үйүндө ""Эстейбиз"" аттуу Жеңиш күнүнө арналган майрамдык кече өтөт. Зеленский менен Миндичтин көз боемочулугу канчалык жайылганы айтылды Украина энергетикасындагы коорупциялык иштин фигуранттары Тимур Миндич менен Владимир Зеленскийдин көз боемочулук аракеттери жүздөгөн миллион долларды чапчыйт. Бул тууралуу РФ ТИМинин Киев режиминин кылмыштарын иликтөө боюнча өкүлү Родион Мирошник билдиргенин РИА Новости жазды. ""Миндич-Зеленский тобунун коррупциялык шылуунчулугунун кулачы кеңири жайылган. Украинага чет жактан келген жардамдын жана украин бюджетинин эсебинен жүздөгөн миллион долларга жетет"", — деген ал. Мирошник бул чет элдик донорлордун ""Украина менен Европаны сактап калуу үчүн"" өз өлкөсүнүн бюджетинен бөлүнгөн каражат экенин эске салды. ""Коррупциялык топ Украинанын энергетика тармагына эле эмес, ондогон миллиард доллар каралган бюджеттин майлуу жери — коргонуу секторуна да тырмак салган"", — деди өкүл. ""Украинская правда"" басылмасы коррупция тууралуу чуулуу иштин баш каарманы жана Зеленскийдин үзөңгүлөшү Миндич ошол кездеги Украинанын коргоо министри, азыркы Улуттук коопсуздук жана коргоо кеңешинин катчысы Рустем Умеров менен коргонуу жаатындагы бир нече миллиондук келишимдерди талкуулаганын жарыялаган. Мирошник күзүндө Зеленскийдин кеңсе башчысы Андрей Ермак кызматынан алынса, эми кезек Умеровго жеткенин белгиледи. Эскерте кетсек, Украинанын антикоррупциялык бюросу 11-ноябрда өлкө энергетикасындагы коррупцияга тиешеси бар кылмыштуу топтун жети мүчөсүнө айып таккан. Булардын арасында ишкер Миндич менен бирге мурунку вице-премьер Алексей Чернышов да бар. 19-ноябрда Жогорку Рада чуулуу иште аты аталган Герман Галущенкону юстиция министри, ал эми Светлана Гринчукту энергетика министри кызматынан алган.",sputnik.kg,https://sputnik.kg/20260505/1101130721.html,13:00 05.05.2026(Жаңыртылды:13:16 05.05.2026),kyrgyz,0,high,news_site
5cd3aec4-4958-4672-b7ab-f3bd60c7cb63,Жаңылыктар. Чыгарылыш 15:00,"Мекенибизде күндүзгү саат 3. Жаңылыктар топтому менен тааныштырып, микрофондо Элдияр Асылбеков. Алгач биз токтоло турган кабарлардан кыскача...""Бала ырысы"" жөлөк пулуна 3 миллиард 316 миллион сом бөлүнотАКШ Бириккен араб эмирликтериндеги мунайдын аймагын өрттөгөн Жогорку Кеңештин төрагасы Баш мыйзамдын күнүнө карата куттуктоосунда  Кыргызстандын тарыхы — мамлекеттин туруктуу моделин издөө экенин билдирди. Алдыда кененирээк...Кыргызстандын тарыхы, айрымдар көрсөткүсү келгендей, саясий конъюнктурага жараша ""Конституцияны кайра-кайра жазуу"" тарыхы эмес. Бул туурасында Жогорку Кеңештин төрагасы Марлен Маматалиев Баш мыйзамдын күнүнө карата куттуктоосунда айтканын парламенттин маалымат кызматы билдирди. ""Кыргызстандын Конституциясы — элдин эркин, тарыхый тажрыйбасын жана келечекке болгон ишенимин чагылдырган өзгөчө маанилүү документ. Биздин милдет – анын талаптарын сактоо менен мыйзам үстөмдүгүн бекемдеп, мамлекеттик институттарды өнүктүрүп, жарандардын ишенимин арттыруу"", — деди төрага. Ал Баш мыйзамдын түптөлүшү жана баскан жолу оңойго турбагандыгын эске салган. ""Бул — изденүүнүн тарыхы. Мамлекеттин туруктуу моделин издөө. Эркиндик менен тартиптин, укук менен жоопкерчиликтин, коомдун күтүүлөрү менен мамлекеттин мүмкүнчүлүктөрүнүн ортосундагы тең салмактуулукту издөө. Бул изденүү оңойго турган жок. Ал ишеним кризистери, каталар жана кайра куралуулар аркылуу өттү. Бирок дал ушул себептен ал чыныгы, теориялык эмес, турмуштук сыноодон өткөн изденүү болду, — деди парламент спикери. Маматалиев Баш мыйзамды так сактоо менен гана жаркын келечекти курууга болорун кошумчалады. Эске салсак, бүгүн эгемен Кыргызстандын Конституциясынын кабыл алынгандыгына 33 жыл болду. Кыргызстанда үч жашка чейинки балдарды колдоого багытталган жаңы «Бала ырысы» мамлекеттик жөлөк пулу киргизилгени жатат. Бул максатта Министрлер кабинети 3 миллиард 316 миллион сом бөлүүнү пландап, тиешелүү токтом долбоорун коомдук талкууга чыгарды.  Долбоор Президент Садыр Жапаров кол койгон жарлыкты ишке ашыруунун алкагында иштелип чыккан. Ага ылайык, 2026-жылдын 1-июлунан тарта өлкөдөгү үч жашка чейинки бардык балдарга ай сайын 1 200 сом өлчөмүндө жөлөк пул төлөнөт. Маанилүүсү — бул төлөм үй-бүлөнүн кирешесине карабастан берилет.  Кыргыз Республикасынын Улуттук статистика комитети билдиргендей, учурда Кыргызстанда бул курактагы 445 миңге жакын бала бар.  Белгилей кетсек, азыркы учурда «Үй-бүлөгө көмөк» жөлөк пулу 16 жашка чейинки балдары бар, бирок социалдык жактан муктаж деп табылган үй-бүлөлөргө гана берилет жана анын көлөмү да 1 200 сомду түзөт. Кара-Балтадагы ресторандардын биринде бастырма урап, 19 жаштагы улан көз жумду. Бул туурасында Чүй облустук милициясынан кабарлашты. Кырсык 4-майда, болгон. Ал ошол жерде администратор болуп иштеген. Жамгырдан улам жайкы аянтчадагы тентке суу толуп, андан соң дубалга сиңип, анын кесепетинен дубал кулап, бул кайгылуу окуя болгон. Милициядан экспертиза дайындалганы кошумчалашты. АКШ Бириккен араб эмирликтериндеги мунайдын аймагын өрттөгөн  Бул тууралуу IRIB радиосу Тегерандагы аскердик маалымат булактарга таянып билдирди.   “Иранда мунай объектилерине кол салуу планы болгон эмес. Окуя Ормуз кысыгына кемелерге жол ачуу максатында жөнөтүлгөн америкалык аскерлердин авантюристтик аракеттеринин кесепети. Бул окуя үчүн  дал ошолор жооп бериши керек”, — деди ал.  Буга чейин Эмирликтердин бийлиги Фужейрадагы мунай аймагына чабуулдарга Иранды айыптаган. Ал окуя нефтинин баасын кымбаттаткан.",sputnik.kg,https://sputnik.kg/20260505/1101133149.html,15:00 05.05.2026(Жаңыртылды:15:16 05.05.2026),kyrgyz,0,high,news_site
2a050ea0-6eb6-4c3d-bc43-19f959d5d6bf,Жаңылыктар. Чыгарылыш 11:00,"Арыбаңыздар ардактуу угармандар! Жаңылыктар түрмөгү менен таанышып алыңыздар. Алдыда биз токтоло турган кабарлардан кыскача...Россия Жеңиш күнүнүн урматына ок атылбай турганын жар салды Кыргыз форелине чет өлкөдө суроо-талап өсүп жатат Конституцияга улуттун келечегин аныктаган баалуулуктар сиңирилген. Жапаров кыргызстандыктарды майрамы менен куттуктады. Алдыда кененирээк... Конституцияга улуттун келечегин аныктаган баалуулуктар сиңирилген. Жапаров кыргызстандыктарды майрамы менен куттуктадыАл ушу тапта мыйзамдын кол тийбестиги биринчи орунга коюлган демократиялык жана укуктук мамлекет түзүлгөнүн айтты.  Бүгүн, 5-майда Баш мыйзамдын кабыл алынгандыгына 33 жыл болду.  Президент жаңы Кыргызстанды куруу жолунда Конституция заман агымы менен катар агууну, ошол эле маалда улуттук кызыкчылыктарды кошо алып жүрүүнү шарттай турганын эске салды.   Жапаров Конституция өлкөбүздүн укуктук системасынын туу чокусу жана өнүгүүнүн пайдубалы болуп калганын, себеби анда улуттун бүгүнкүсү менен эртеңки келечегин аныктаган баалуулуктар сиңирилгенин белгилеген.  “Ал – улуттук идеологиябыздын булагы жана улуттук иденттүүлүктүн негизги өзгөчөлүктөрүн айкындаган документ. Көп этностуу өлкөбүздө ар бир жаран өзүнүн корголушуна ишенген, биримдик менен туруктуулукту бекемдеген идеялык өзөк болуп саналат. Мына ошондуктан анын ар бир беренесин урматтоо баарыбыз үчүн маанилүү принцип болушу абзел”, — деген президент.  Конституциянын жоболоруна жана элдин кеменгерлигине таянуу менен көз карандысыз, коопсуз жана өнүккөн, жаңы Кыргызстанды кура алабыз деген ишенимин билдирген. Чет өлкөлөрдө кыргыз форелине болгон суроо-талап өстү. Бул тууралуу Улуттук статистика комитети кабарлады. Маалыматка ылайык, 2025-жылы балык экспорту 85-90 пайызга чейин кыскарган. Бирок быйылкы жылдын январь-февраль айларында абал өзгөрүп, тоңдурулган балыктын экспорту 5 эсе, ал эми муздатылган балык 3 эсе жогорулады. Жалпысынан 75 тонна продукция чет өлкөлөргө жөнөтүлгөн. Анын баары ЕАЭБге мүчө Россия менен Казакстанга экспорттолду. Ош шаарында таштандыны кайра иштеткен заводдун курулушуна даярдык жүрүп жатат. Бул тууралуу калаа мэриясы билдирди.  Иштерди бүгүн шаар мэри Жанар Акаев көрүп чыккан. Курулушту кытай компаниясы ишке ашырат. ""Аталган долбоордун алкагында катуу тиричилик калдыктарын кайра иштетүү аркылуу электр энергиясын өндүрүүчү завод курулат. Бул ыкма таштандыны энергетикалык ресурс катары пайдаланууга мүмкүндүк берип, айлана-чөйрөгө тийгизген терс таасирди кыйла азайтат"", — деп айтылат маалыматта. Ош шаарында жыл сайын орто эсеп менен 252 миң тонна таштанды чыгат. Мурда ал ачык полигондордо сакталса, эми заманбап технологиялардын жардамы менен кайра иштетилип, экологиялык коопсуздук жогорулайт. Биринчи этапта суткасына 850 тоннага чейин таштанды иштетүү мүмкүнчүлүгү каралып, саатына 30 МВт электр энергиясын өндүрүү пландалууда. Аны Энергетика министрлигинин сатып алышы каралып жатат. Заводдун курулушуна Кытай тараптан жалпы 95 миллион доллар өлчөмүндө инвестиция тартылат. Россия Жеңиш күнүнүн урматына ок атылбай турганын жар салды Россия совет элинин Улуу Ата Мекендик согуштагы Жеңишинин урматына 8-9-майга Украина менен убактылуу элдеше турганын жарыялады. Бул тууралуу Коргоо министрлиги билдирди. Ведомство Киев да бул кадамды колдойт деп ишеним артууда. Деген менен Владимир Зеленскийдин дал ушул 9-Май күнү Москвага сокку уруу тууралуу сөзү да көз жаздымда калган жок. Министрлик Россия майрам маалындагы коопсуздукту сактоо үчүн бардык керектүү чараларды көрөрүн, болбосо Киевге катуу чабуул жасаларын белгиледи.",sputnik.kg,https://sputnik.kg/20260505/1101127695.html,11:00 05.05.2026(Жаңыртылды:11:16 05.05.2026),kyrgyz,0,high,news_site
cad01543-73b9-4d8e-9f73-32150c19b9a7,Жаңылыктар. Чыгарылыш 17:00,"Мекенибизде кечки саат 5. Жаңылыктар топтому менен таанышып алыңыздар. АКШнын аскерлери коштоп Ормуз аркылуу кемени алып өтүп кетти Бишкекте «Мектеп лигасынын» республикалык оюндары старт алдыКыргызстан Сейшел аралдары менен кызматташууну өнүктүрүүгө кызыкдар. Алдыда кененирээк... Кыргызстандын президенти Садыр Жапаров Сейшел аралдарынын тышкы иштер жана диаспора министри Барри Фор менен жолугушту.  Жолугушуунун жүрүшүндө тараптар саясий, соода-экономикалык жана маданий-гуманитардык багыттар боюнча эки тараптуу кызматташуунун келечегин талкуулашты. Ошондой эле туризм, инвестиция, санариптик технологиялар жана тажрыйба алмашуу маселелерине өзгөчө көңүл бурулду.  Мамлекет башчысы Кыргызстан Африка өлкөлөрү менен кызматташууну кеңейтүүгө умтуларын белгилеп, географиялык алыстыкка карабастан, бул багытта чоң мүмкүнчүлүктөр бар экенин айтты.  Мындан тышкары, жолугушууда «Тамчы» атайын финансылык инвестициялык аймагы жана Учкун ААК аркылуу өз ара аракеттенүү мүмкүнчүлүктөрү каралды.  Сүйлөшүүлөрдүн жыйынтыгында Садыр Жапаров Сейшел аралдарынын президенти Патрик Эрмини Кыргызстанга расмий сапар менен келүүгө чакырды. Бишкекте «Мектеп лигасынын» республикалык оюндары старт алдыБорбор калаада Каба уулу Кожомкул атындагы Спорт сарайында волейбол, баскетбол жана футбол боюнча «Мектеп лигасынын» республикалык оюндарынын ачылыш аземи болуп өттү. Бул тууралуу Кыргыз Республикасынын Дене тарбия жана спорт боюнча мамлекеттик агенттиги билдирди. Иш-чарага агенттиктин директору Урмат Асанбаев, машыктыруучулар жана мектеп окуучулары катышты. Ачылыш аземинде Урмат Асанбаев катышуучуларды оюндардын башталышы менен куттуктап, бул долбоор жаштар арасында спортту өнүктүрүүгө чоң салым кошорун белгиледи. Ал спортчуларга ийгилик, таза атаандаштык жана жогорку жыйынтыктарды каалады.«Мектеп лигасынын» республикалык оюндары окуучулар арасында өткөрүлүп, өспүрүмдөрдүн спортко болгон кызыгуусун арттыруу, сергек жашоо образын жайылтуу жана алардын таланттарын өнүктүрүү максатын көздөйт.Финалдык оюндар 8-майга чейин уланат.Байге фонду:1-орун — 500 000 сом;2-орун — 300 000 сом;3-орун — 200 000 сом. АКШнын аскерлери коштоп Ормуз аркылуу кемени алып өтүп кетти Америкага таандык болуп (анын желеги астында) сүзүп бараткан даниялык компаниянын контейнер ташуучу кемеси америкалык аскерлердин коштоосунда Ормуз кысыгынан өттү. Бул тууралуу даниялык TV2 телеканалы компаниянын билдирүүсүнө таянып кабарлаганын РИА Новости жазды.Телеканал Жакынкы Чыгыштагы жаңжал башталган учурда (февралда) бул соода кемеси Перс булуңунан чыга албай калганын билдирген. Жакында АКШ армиясынан компанияга чыгышып, кемени Ормуз кысыгынан коштоп өтүүнү сунуштаган. ""Кеме АКШ аскерлеринин коштоосунда Перс булуңунан чыгып кетти"", — деп маалыматта айтылат.  Судно Ормуз кысыгынан эч кандай тоскоолдуксуз өткөнүн да жазышты. 3-май күнү кечинде АКШ президенти Дональд Трамп Ормуз кысыгында камалып калган кемелерге жардам берүү максатында ""Эркиндик долбоору"" (Project Freedom) операциясын жарыялаган. Буга жооп катары Ирандын ""Хатам аль-Анбия"" борбордук штабынын башчысы Али Абдоллахи Тегеран АКШны Ормуз кысыгына жакындабоону эскертерин жана америкалык күчтөргө сокку урууга даяр экенин билдирген. Ирандагы абал Перс булуңундагы мамлекеттерден дүйнөлүк рынокко мунай ташылган маанилүү маршрут — Ормуз кысыгынын дээрлик бөгөттөлүшүн шарттады. Мындан тышкары, нефть казууга жана экспорттоого кедергисин тийгизип жатат. Кысыктын жабылышынан улам бир катар мамлекеттерде мунайдын баасы көтөрүлүп, кымбатчылык байкалууда.",sputnik.kg,https://sputnik.kg/20260505/1101135722.html,17:00 05.05.2026(Жаңыртылды:17:16 05.05.2026),kyrgyz,0,high,news_site
9ff0e535-5094-48a8-9c55-859d49416f4c,Кыргызстандын жапайы жоогазындары: жоголуп кетүү коркунучу жана аларды коргоо чаралары,"Кыргызстан табияты өзүнүн өзгөчө кооздугу жана байлыгы менен айырмаланат. Анын ичинде жапайы жоогазындар өзгөчө орунду ээлейт. Адистердин айтымында, дал ушул Борбор Азия, анын ичинде Кыргызстан, дүйнөдөгү жоогазындардын мекени болуп саналат. Бирок акыркы жылдары бул кооз гүлдөр жоголуп кетүү коркунучуна кептелип, алардын саны улам азайып бара жатат. Жапайы жоогазындардын азайышына климаттын өзгөрүшү, адам фактору жана экологиялык көйгөйлөр себеп болууда. Бул болсо жаратылыштын тең салмактуулугуна гана эмес, биологиялык ар түрдүүлүккө да олуттуу таасирин тийгизет. Бүгүн биз жапайы жоогазындардын азыркы абалы, аларды сактап калуу жолдору жана көрүлүп жаткан чаралар тууралуу кененирээк сүйлөшөбүз. Маегибиздин коногу Дүйнөлүк жаратылышты коргоо уюмунун жапайы жоогазындар боюнча адистер тобунун тең-төрагасы, Улуттук илимдер академиясынын Биология институтунун илимий кызматкери Ормон Султангазиев суроолорубузга жооп берди.",sputnik.kg,https://sputnik.kg/20260504/1101113044.html,09:04 04.05.2026(Жаңыртылды:09:16 04.05.2026),kyrgyz,0,high,news_site
b13edf01-cab5-47d1-a363-97c3145bdf4c,ЖК төрагасы: Кыргызстандын тарыхы — мамлекеттин туруктуу моделин издөө,"БИШКЕК, 5-май — Sputnik.Кыргызстандын тарыхы, айрымдар көрсөткүсү келгендей, саясий конъюнктурага жараша ""Конституцияны кайра-кайра жазуу"" тарыхы эмес. Бул туурасында Жогорку Кеңештин төрагасы Марлен Маматалиев Баш мыйзамдын күнүнө карата куттуктоосунда айтканын парламенттин маалымат кызматы билдирди. ""Кыргызстандын Конституциясы — элдин эркин, тарыхый тажрыйбасын жана келечекке болгон ишенимин чагылдырган өзгөчө маанилүү документ. Биздин милдет – анын талаптарын сактоо менен мыйзам үстөмдүгүн бекемдеп, мамлекеттик институттарды өнүктүрүп, жарандардын ишенимин арттыруу"", — деди төрага. Ал Баш мыйзамдын түптөлүшү жана баскан жолу оңойго турбагандыгын эске салган. ""Бул — изденүүнүн тарыхы. Мамлекеттин туруктуу моделин издөө. Эркиндик менен тартиптин, укук менен жоопкерчиликтин, коомдун күтүүлөрү менен мамлекеттин мүмкүнчүлүктөрүнүн ортосундагы тең салмактуулукту издөө. Бул изденүү оңойго турган жок. Ал ишеним кризистери, каталар жана кайра куралуулар аркылуу өттү. Бирок дал ушул себептен ал чыныгы, теориялык эмес, турмуштук сыноодон өткөн изденүү болду, — деди парламент спикери. Маматалиев Баш мыйзамды так сактоо менен гана жаркын келечекти курууга болорун кошумчалады. Эске салсак, бүгүн эгемен Кыргызстандын Конституциясынын кабыл алынгандыгына 33 жыл болду. Ар бир беренени урматтоо — милдетибиз. Жапаров Баш мыйзам күнү менен элди куттуктадыКечээ, 10:29",sputnik.kg,https://sputnik.kg/20260505/zhk-spikeri-bash-miyzam-kunu-menen-eldi-kuttuktady-1101131786.html,14:42 05.05.2026,kyrgyz,0,high,news_site
406de66f-b233-4a49-acd1-2f3eeec3ef21,Кара-Балтада ресторандын бастырмасы урап 19 жаштагы улан каза тапты,"БИШКЕК, 5-май — Sputnik.Кара-Балтадагы ресторандардын биринде бастырма урап, 19 жаштагы улан көз жумду. Бул туурасында Чүй облустук милициясынан кабарлашты. Кырсык кечээ, 4-майда, болгон. Ал ошол жерде администратор болуп иштеген. Жамгырдан улам жайкы аянтчадагы тентке суу толуп, андан соң дубалга сиңип, анын кесепетинен дубал кулап, бул кайгылуу окуя болгон. Милициядан экспертиза дайындалганы кошумчалашты. Сүлүктүдөгү шахтада кенчи уранды алдында калып каза тапты28 Чын Куран, 09:53",sputnik.kg,https://sputnik.kg/20260505/kara-baltada-restorandyn-bastyrmasy-urap-19-zhashta-ulandy-oldu-1101130389.html,14:19 05.05.2026,kyrgyz,0,high,news_site
836dea68-bda8-4571-9ed9-ee54d59466fb,Кайгуул милициянын кызматкери сууга секирген чет элдик кызды сактап калды. Видео,"БИШКЕК, 5-май — Sputnik. Түндө Бишкектин батышында Кайгуул милициясынын кызматкери көпүрөдөн сууга боюн таштаган чет элдик кыздын артынан кошо секирип, аман алып калды. Бул туурасында кабарлаган аталган башкармалык окуянын видеосу менен бөлүштү. Аларга маалымат болжол менен 20:30да түшкөн. Кыз Шабдан баатыр менен Ауэзов көчөлөрүндөгү көпүрөдөн Чоң Чүй каналына секирүү ниетинде турганын айтышкан. Кызды оюнан айнытуу үчүн жасалган аракеттер майнап берген эмес. Ал жерге жетип келген кайгуулчулардын бири сууга секирип, кызды куткарып калган. Баткенде кудуктан чыга албай калган киши 16 күндөн кийин куткарылды9 Чын Куран, 19:45",sputnik.kg,https://sputnik.kg/20260505/kayguul-militsiyasynyn-kyzmatkeri-suuga-sekirgen-kyzdy-saktap-kaldy-1101128213.html,11:36 05.05.2026(Жаңыртылды:11:55 05.05.2026),kyrgyz,0,high,news_site
96e80983-a32b-4e37-b27e-b9388836b244,"Бишкек мэри 11-майдан баштап шаардыктар менен жолуга баштайт. Сааты, орду","БИШКЕК, 5-май — Sputnik.Президенттин тапшырмасынын негизинде баш калаанын башчысы Айбек Жунушалиев эл менен боло турган жолугушуулардын графигин бекитти. Тагыраагы, эми ал 11-майдан тартып күн сайын 16:00дө төмөнкү жерлерде болот: 11-май — КРСУ (Киев көчөсү, 44);12-май — Ч.Айтматов атындагы лицей (Широкая көчөсү, 1а);13-май — М.Рыскулбеков атындагы КЭУ (Тоголок Молдо көчөсү, 58);14-май — ""Сейтек"" балдар борбору (Абдумомунов көчөсү, 197);15-май — К.Карасаев атындагы БМУ (Ч.Айтматов проспекти, 24);16-май — Ж.Баласагын атындагы КУУ (Фрунзе көчөсү, 547);18-май — ""Таберик"" залы (Байтик баатыр көчөсү, 17);19-май — ""Ала-Тоо"" университети (Анкара көчөсү, 1/8). Буга чейин Садыр Жапаров жергиликтүү бийлик өкүлдөрүнө эл менен жолугуп, алардын көйгөйүн жеринде чечүүнү тапшырып, бул багытта ишти аксаткандар өз жазасын аларын эскерткен. Ал эми элди бул жолугушууларгаактивдүү катышуугачакырган. Жапаров баңгизат боюнча соттолуп камалгандардын жакындарын кабыл алды13 Бирдин айы, 19:19",sputnik.kg,https://sputnik.kg/20260505/bishkek-meri-11-maydan-bashtap-shaardyktar-menen-zholugat-1101129913.html,19:40 05.05.2026,kyrgyz,0,high,news_site
b0194bf7-ed35-4b4d-91d8-6572a18d6946,ЕБден Киев Москвадагы парадды үзгүлтүккө учуратса кесепети кандай болорун айтышты,"БИШКЕК, 5-май — Sputnik.Владимир Зеленскийдин 9-майда Москвада өтүүчү Жеңиш парадына сокку уруу тууралуу опузасы Киевдин кулашы жана Украинанын багынып бериши менен аякташы мүмкүн.  Мындай пикирин кипрлик журналист Алекс Христофору өзүнүн YouTube-каналында билдиргенин РИА Новости жазды. “Москванын жоо кылган соккусунан кийин Киевден айрылып, Украинанын тезирээк багынып беришин каалап жатасыңбы?"" — деп журналист Киев бийлигинин башчысына суроо салган. Эксперттин айтымында,  Зеленскийдин мындай билдирүүлөрү  аны европалык өнөктөштүрүнүн алдында кыйын же кубаттуу кылып көрсөтүп жибербестигин жеткире түшүнбөй жатат. “Пилотсуз учактары 9-майда Москваны учпаш үчүн аны дипломатияга жетелешибиз керек”, — деп сөзүн жыйынтыктаган Христофору. Эске салсак, РФтин Коргоо мининстрилиги Москва совет элинин Улуу Ата Мекендик согуштагы Жеңишинин урматына 8-9-майга Украина менен убактылуу элдеше турганын жарыялаган. Ведомство Россия майрам маалындагы коопсуздукту сактоо үчүн бардык керектүү чараларды тыкыр көрөрүн билдирген. Эгерде Киев чабуул кое турган болсо, аны аябастыгын   белгилеген. РФ ТИМи: Одессанын Профсоюздар үйүндөгү трагедия Хатындагы апааттан кем калбайт2 Бугу, 14:33",sputnik.kg,https://sputnik.kg/20260505/kiyev-moskvadagy-paraddy-uzgultukko-uchuratsa-kesepeti-katuu-bolot-1101139136.html,22:04 05.05.2026,kyrgyz,0,high,news_site
11641d05-00d0-448b-b0e8-0aa519afeb2f,Жумаш Асаналиевдин баатырдыгы. Жоокердин кылымга калган эрдиги тууралуу тасма,"Бул — Жумаш Асаналиев. Ал Ысык-Көлгө жакын Отуз-Уул айылынан өз ыктыяры менен согушка кеткен. Курман болгонунан бери 82 жыл өтсө да өмүр баянында табышмактуу учурлар көп. Болочоктогу баатыр эмнеге бөтөн үй-бүлөдө тарбияланган? Агасынын аялы жеңесине жазган каттары кайда жоголуп кетти? Дагы бир кызыктуу учур — эски тамды түрттүрүп жатканда айылдаштары көп акча катылган жайды тапкан. Бул тасмада биз баатырдын өмүр жолун анын туулган жеринен тартып, Беларустагы Батыш Двина дарыясынын жээгине чейин изилдөөгө аракет кылдык. Дал ошол жерде Жумаш Асаналиев акыркы салгылашын өткөрүп, көмүлгөн.",sputnik.kg,https://sputnik.kg/20260505/zhumash-asanaliev-baatyr-9-maj-sogush-1101131233.html,16:21 05.05.2026,kyrgyz,0,high,news_site
d51f5375-0403-44ec-871e-81fce5ca97ac,Мугалимдердин айлыгы көтөрүлдү — ал кантип эсептелет?,"Мугалимдердин эмгек акысы орточо 35 миң сомдон 100 миң сомго чейин, ал эми дарыгерлердики 40 миң сомдон 90 миң сомго чейин жана андан жогору деңгээлге чыкты. Социалдык чөйрөдө иштеген 300 миңге жакын кызматкердин эмгек акысы жогорулатылган. Шаардагы жаш мугалимдердин айлыгы 14 миң сомдон 39 миң сомго чейин жогорулап, салык кармалгандан кийин орто эсеп менен 32 миң сомду түзөт. Бийик тоолуу аймакта 30 жылдан ашык тажрыйбасы бар мугалимдердин эмгек акысы 65 миң сомдон 104 миң сомго чейин жетип, колуна болжол менен 90 миң сом тиет. Мугалимдеридин айлыгы кантип эсептелинерин Агартуу министрлигинин Бюджеттик саясат, финансылык талдоо жана инфраструктура башкармалыгынын башкы адиси Азизбек Мураталиев түшүндүрдү.",sputnik.kg,https://sputnik.kg/20260505/1101127973.html,11:04 05.05.2026(Жаңыртылды:11:16 05.05.2026),kyrgyz,0,high,news_site
ac27e130-bd9d-4cf7-90fa-bb6afd66ad48,Ар бир беренени урматтоо — милдетибиз. Жапаров Баш мыйзам күнү менен элди куттуктады,"БИШКЕК, 5-май — Sputnik.Президент Садыр Жапаров кыргызстандыктарды Конституция күнү менен куттуктап, ушу тапта мыйзамдын кол тийбестиги биринчи орунга коюлган демократиялык жана укуктук мамлекет түзүлгөнүн айтты. Бүгүн, 5-майда, Баш мыйзамдын кабыл алынгандыгына 33 жыл болду. Төмөндө мамлекет башчынын куттуктоосун толук беребиз: ""Урматтуу кыргызстандыктар! Ардактуу мекендештер! Сиздерди бүгүнкү мамлекеттик маанилүү майрамыбыз – Кыргыз Республикасынын Конституция күнү менен чын дилимден куттуктаймын! 33 жыл мурда Конституциябызды кабыл алып, өз тагдырыбызды аныктап, ошону менен бирге көз каранды эмес мамлекеттүүлүгүбүздүн пайдубалын түптөп, адам укуктары менен эркиндигин жогорку баалуулуктар деп жарыялаганбыз. Конституциябыз – эң жогорку юридикалык күчкө ээ укуктук акт. Ал – улуттук идеологиябыздын булагы жана улуттук иденттүүлүктүн негизги өзгөчөлүктөрүн айкындаган документ. Көп этностуу өлкөбүздө ар бир жаран өзүнүн корголушуна ишенген, биримдик менен туруктуулукту бекемдеген идеялык өзөк болуп саналат. Мына ошондуктан анын ар бир беренесин урматтоо баарыбыз үчүн маанилүү принцип болушу абзел. Бүгүнкү күндө дүйнө жүзү тездик менен өзгөрүп жаткан маалда биздин Конституция өлкөбүздүн укуктук системасынын туу чокусу жана өнүгүүнүн пайдубалы болуп калды, себеби анда улуттун бүгүнкүсү менен эртеңки келечегин аныктаган баалуулуктар сиңирилген. Жаңы Кыргызстанды куруу жолунда Конституциябыз заман агымы менен катар агууну, ошол эле маалда улуттук кызыкчылыктарыбызды кошо алып жүрүүнү шарттайт. Ушу тапта мыйзамдын кол тийбестиги биринчи орунга коюлган демократиялык жана укуктук мамлекетти түзүп, эгемен элибиздин эрки менен кабыл алынган Конституцияны урматтоо аркылуу алдыга койгон максаттарыбызды ишке ашырып келебиз. Конституциянын ар бир тамгасын жана бийик демин так кабыл алып, бекем сактоо аркылуу кийинки муундарды Баш мыйзамды, элибиздин кылымдарды карыткан бай тарыхын, нарк-насилин жана ак ниет эмгегин урматтоого тарбиялоо – сиздер менен биздин эң башкы милдетибиз. Конституциянын жоболоруна жана элибиздин кеменгерлигине таянуу менен биз көз карандысыз, коопсуз жана өнүккөн жаңы Кыргызстанды кура алабыз деп бекем ишенем. Ар бир мекендешиме чың ден соолук, бакубат турмуш каалайм. Сүйүктүү Кыргызстаныбыз өркүндөп өсө берсин! Өнүгүүдө башкы багыт, негизги таяныч болгон Конституциябыз баарыбызга кут болсун! Майрамыңыздар менен!"" Жаркын келечекке дагы бир даңгыр жол чабабыз. Жапаровдун Нооруздагы куттуктоосу21 Жалган Куран, 12:30",sputnik.kg,https://sputnik.kg/20260505/zhaparov-bash-miyzam-kunu-menen-eldi-kuttuktady-1101126781.html,10:29 05.05.2026(Жаңыртылды:10:39 05.05.2026),kyrgyz,0,high,news_site
054d37eb-a474-44e4-90cf-1a24e383d31e,Кыргызстан Сейшел Аралдары менен алаканы кеңейтүүгө кызыкдар,"БИШКЕК, 5-май — Sputnik.Президент Садыр Жапаров Чолпон-Ата шаарында Сейшел Аралдарынын тышкы иштер жана диаспора министри Барри Форду кабыл алды. Бул туурасында мамлекет башчынын маалымат кызматы кабарлады. Алар эки тараптуу кызматташууну өнүктүрүүнү, анын ичинде саясий диалогду чыңдоону, соода-экономикалык жана маданий-гуманитардык байланыштарды кеңейтүү маселелерин талкуулады. Андан сырткары, инвестиция, туризм, финансы жана санариптик технологиялар жаатында кызматташуунун келечеги тууралуу кеп кылышты. ""Туризм тармагын өнүктүрүү жана санариптик трансформация боюнча тажрыйба алмашууга, ошондой эле ""Тамчы"" атайын каржылык инвестициялык аймагы жана ""Учкун"" ААКсы менен кызматташууну жолго коюуга өз ара кызыкдарлык белгиленди"", — деп айтылат маалыматта. Жапаров Сейшел аралдарынын президенти Патрик Эрминиге салам жолдоп, аны ыңгайлуу убакытта Кыргызстанга расмий сапар менен келүүгө чакырды. Кыргызстан менен Сейшел Аралдары өз ара визасыз режим киргизүүдө4 Бугу, 15:34",sputnik.kg,https://sputnik.kg/20260505/kyrgyzstan-seyshel-araldary-menen-alakany-keneytuunu-kaalayt-1101135313.html,18:20 05.05.2026,kyrgyz,0,high,news_site
214d3bab-5530-4dd6-9d8b-d56473a8794d,Жаңылыктар. Чыгарылыш 19:00,"Сокулук районундагы Сокулук айылында жайгашкан ишканалардын биринде директор менен кызматкердин ортосунда чыр чыгып, окуя оор кылмышка айланган. Чүй облусунун ИИБ маалыматына ылайык, 49 жаштагы кызматкер жаңжал учурунда 38 жаштагы директорго бычак менен бир нече жолу жаракат келтирген. Жаракаттар кол жана каптал аймагына тийген. Окуядан кийин шектүү жерден качып кеткен, бирок милициянын ыкчам-издөө иш-чараларынын натыйжасында ал бат эле аныкталып, кармалган.Бул факты боюнча Кыргыз Республикасынын Кылмыш-жаза кодексинин 280-беренеси (бейбаштык) боюнча кылмыш иши козголду. Шектүү убактылуу кармоочу жайга киргизилди.Учурда тергөө иштери уланууда. Кыргызстан айыл чарба продукциясынын 60  түрүн чет өлкөгө экспорттойт  Кыргызстандын Айыл чарба министрлиги билдиргендей, өлкө бүгүнкү күндө айыл чарба продукциясынын 60  түрүн чет мамлекеттерге экспорттоп жатат. Экспорттун негизги бөлүгү Евразия экономикалык биримдигине (ЕАЭБ) мүчө өлкөлөргө туура келет.  Өткөн жылдын жыйынтыгы боюнча негизги соода өнөктөштөрдүн көрсөткүчтөрү төмөнкүдөй:  Россия — 7,8 млрд сом   (эт-сүт азыктары, жашылча-жемиштер)  Казахстан — 7,8 млрд сом   (жашылча-жемиш, канаттуунун эти, сүт азыктары)  Беларусь — 1,5 млрд сом   (эт-сүт азыктары, макарон азыктары жана тоют)  Армения — 13 млн сом   (жашылча, жаңгак, эт азыктары)  Министрликтин маалыматына караганда, Кыргызстан айыл чарба экспортун кеңейтүүгө жана жаңы тышкы рынокторго чыгууга багытталган иштерди улантууда. Кыргызстандын курама командасы Ташкентте ат спорту боюнча дүйнө кубогунда байгелуу кайттыКыргызстан курама командасы Ташкент шаарында өткөн ат спорту боюнча Евразия лигасынын Кубок дүйнөсүнүн этаптарында ийгиликтүү катышып, 4 медаль утуп алды. Бул тууралуу Дене тарбия жана спорт мамлекеттик агенттиги билдирди.Жарыштардын жыйынтыгында кыргызстандык спортчулар эл аралык деңгээлдеги күчтүү атаандаштыкта өздөрүнүн жогорку даярдыгын далилдешти.Бул мелдештер дйн кубогунуну  финалына жана ат спорту боюнча дүйнө чемпионатына рейтингдик упайларды топтоо үчүн маанилүү этап болуп эсептелет.Кыргызстандык чабандестер Ташкенттеги турнирде 4 медаль жеңди  Мелдеш 23-апрелден 3-майга чейин өтүп, Дүйнөлук кубоктун финалына жана дүйнө чемпионатына жолдомолор ойнотулду.  Екатерина Каркавцева күмүш, ал эми Ринат Галимов 2 алтын жана коло тагынды. Алтындын бирин ал Казакстандын өкүлү менен бөлүштү.  Бул жыйынтык Кыргызстанда ат спорту акыркы жылдары туруктуу өнүгүп жатканын жана спортчулардын эл аралык деңгээлде атаандаша аларын көрсөттү.",sputnik.kg,https://sputnik.kg/20260505/1101137825.html,18:59 05.05.2026(Жаңыртылды:19:16 05.05.2026),kyrgyz,0,high,news_site
bc8e5d76-e002-4065-be7d-f1a5ce824c08,“Арашан” эмнеге кымбат — Асыл тукум мал чарбаларды колдоо күчөтүлөт,"Кыргызстанда Арашан кой породасын өстүрүү жана анын улуттук стандартын калыптандыруу боюнча иштер жакшырып, асыл тукум мал чарбачылыгын өнүктүрүүгө өзгөчө көңүл бурулууда. Селекциялык иштер аркылуу жергиликтүү шартка ылайыкташкан, эт багытындагы жогорку продуктивдүү койлорду чыгаруу максаты коюлуп, фермерлерге сапаттуу генетикалык база түзүү аракети жүрүп жатат. Бул багыт өлкөнүн мал чарбасын жаңы деңгээлге чыгарып, экспорттук потенциалды арттырууга өбөлгө түзөрү күтүлүүдө. Кыргызстанда арашан породасынын популярдуулугу, наркынын жогору бааланышы, жаңы породаларды чыгаруу иши тууралуу Суу ресурстары, айыл чарба жана кайра иштетүү өнөр жайы министрлигинин Ветеринария, мал чарбасын өнүктүрүү, жайыт жана тоют кызматтынын башкармалыгынын башчысы Мыктыбек Каландаров айтып берди.",sputnik.kg,https://sputnik.kg/20260505/1101133419.html,15:04 05.05.2026(Жаңыртылды:15:16 05.05.2026),kyrgyz,0,high,news_site
5369503b-5152-4489-9253-a386368aebe1,"Все, что нас окружает — незримое действие Конституции — разговор о главном законе страны","День Конституции в Кыргызстане - это повод не только для поздравлений, но и для разговора о том, как основной закон реально работает в жизни каждого человека. Несмотря на то, что для многих Конституция остаётся чем-то абстрактным, именно она лежит в основе всех законов, правил и повседневных процессов, от налогов и медицины до безопасности на улицах. В программе «Тема дня» сегодня - судья Конституционного суда Ачнарай Айдарбекова. Говорим о том, как Конституция влияет на жизнь граждан и почему важно не только знать свои права, но и понимать их границы. Почему правовая грамотность остаётся слабым местом: большинство людей вспоминают о законах только тогда, когда сталкиваются с нарушением своих прав. И как это влияет на взаимодействие граждан с государственными органами. Также поговорим о стабильности и изменениях. Почему, несмотря на поправки, базовые принципы Конституции остаются неизменными, а трансформации в основном касаются системы власти и её баланса. Чем занимается Конституционный суд? В каких случаях гражданин может туда обратиться, как проверяются законы на соответствие Конституции и почему решения суда фактически становятся продолжением основного закона? Как Конституция «работает» в реальности и что нужно изменить, чтобы граждане начали ею пользоваться — обсуждаем в эфире радио Sputnik Кыргызстан.",sputnik.kg,https://sputnik.kg/20260505/1101137347.html,18:06 05.05.2026(Жаңыртылды:18:16 05.05.2026),kyrgyz,0,high,news_site
6f8e806c-b5cc-4611-bbcb-703350bca0e2,Согушта ага лейтенант наамына жеткен Султан Сарыбаев,"Улуу Ата Мекендик согуштун катышуучусу, согушта ага лейтенант наамына чейин жеткен Султан Сарыбаев 1943-жылы башына алган жаратынан улам кайтыш болгон. Ал согушка чейин орусча жакшы билген, атайын мектепте окуп билим алып, Ысык-Көлдө коллективдештирүү ишине ийгиликтүү катышкан. Билимдүүлүгү менен командирлерге көрүнүп, согушта жоокерлерге дем-күч берүү, окутуу жаатында саясый иш алып барган. 34 жашында каза болгондугу тууралуу кара кагаз келгени менен кайсы жерге көмүлгөнү 2012-жылдары гана белгилүү болгон. Учурда анын сөөгү айтылуу “боордоштор күмбөзүндө” жатат. “Туяк” программасында небереси Замирбек Султанов чоң атасын эскерип, Султан Сарыбаев тууралуу болгон маалыматы менен бөлүштү.",sputnik.kg,https://sputnik.kg/20260505/1101138085.html,19:04 05.05.2026(Жаңыртылды:19:16 05.05.2026),kyrgyz,0,high,news_site
5cdcbeca-973b-4088-a340-09643ee44dc0,Купуялык саясаты( 2023 ред.),"119021, Россия, Москва шаары, Зубовский бульвары, 4 үй, 1,2,3- имараттар дареги боюнча катталган ""Россия сегодня"" Эл аралык маалымат агенттиги"" Федералдык мамлекеттик унитардык ишканасы (мындан ары - Агенттик, биз, биздики, биздики) сиздин турмушуңузду коргоого жана жеке маалыматтарыңыздын коопсуздугуна чоң маани берет. Купуялык саясаты Россия Федерациясынын жеке маалыматтарды коргоо жаатындагы ченемдик укуктук актыларынын талаптарына жана эл аралык укуктун нормаларына, анын ичинде, бирок алар менен чектелбестен: Россия Федерациясынын 2006-жылдын 27-июлундагы № 152-ФЗ ""Жеке маалыматтар жөнүндө"" Федералдык Мыйзамы, GDPR нормалары - 2016-жылдын 27-апрелиндеги Европалык парламенттин жана Европа Бирлигинин Кеңешинин N 2016/679 ""Жеке маалыматтарды иштетүүгө байланыштуу жеке адамдарды коргоо жана мындай берилмелердин эркин айлануусу, ошондой эле 95/46 / EC Директивасын жокко чыгаруу жөнүндө (Берилмелерди коргоо боюнча жалпы жобо)” Регламентине ылайык иштелип чыккан. Биз Сиздин жеке маалыматтарыңызды ушул Купуялык саясатына (мындан ары - Саясат) жана колдонуудагы мыйзамдарга ылайык коргоо үчүн өз убагында чараларды көрөбүз жана жеке маалыматтарды иштетүү жана коргоо жогорку эл аралык стандарттарга жооп берерине кепилдик беребиз. Сиздин жеке маалыматыңызды кандай максаттарда иштетип жатканыбызды, ошондой эле Агенттик тарабынан иштетиле турган жеке маалыматтарыңызга карата укуктарды кантип ишке ашыра аларыңызды түшүнүү үчүн Саясатты кылдат изилдеп чыгууну суранабыз. Биз Саясатты түшүнүү үчүн мүмкүн болушунча жөнөкөй кылууга аракет кылдык. Саясат орус тилиндеги редакцияда бекитилет жана зарыл болгон учурда чет тилдерге которулат. Эгерде сизде биздин жеке маалыматтарыңызды иштетүү жана аларды коргоо боюнча суроолоруңуз болсо, Саясаттын баяндалышын жакшыртуу боюнча сунуштарыңызды, ошондой эле бекитилген редакцияга суроо-талапты бизге""Байланыштар"" 13-бөлүмүндөкөрсөтүлгөн ыкманы колдонуу менен жөнөтсөңүз болот. 1. Колдонуу аймагы Саясат Сиз биздин маалымат ресурсубузду (сайт, мобилдик тиркеме) колдонгон учурда, ошондой эле биз маалымат ресурсун пайдаланууга байланышпаган иш-аракеттерди жасаган учурда Сиздин жеке маалыматтарыңызды чогултуу жана иштетүү боюнча иш-аракеттерибиз жөнүндө Сизге маалымат берүү үчүн арналган. Саясат колдонулуучу процесстер""Купуялык жөнүндө эскертүү"" 5-бөлүмүндөкелтирилген. Биздин маалымат ресурста (сайт, мобилдик тиркеме) биз көзөмөлдөбөгөн жана Саясат менен камтылбаган башка кызмат көрсөтүүчүлөрдүн ресурстарына шилтемелерди камтышы мүмкүн экенине көңүл буруңуз. Биз өнөктөштөрүбүздөн колдонуучулардын берилмелерине кылдат мамиле кылууну талап кылабыз жана абийири далилденген компаниялар менен гана иштейбиз. 2. Иштетилген жеке маалыматтардын категориялары Биз расага, улуттук текке, саясий көз караштарга, диний же философиялык ишенимдерге, ден соолук абалына, интимдик жашоого, биологиялык мүнөздөмөлөргө тиешелүү, инсандыгыңызды аныктоого жардам берүүчү жеке маалыматтарыңызды иштетпейбиз. ММКнын ишмердүүлүгү жөнүндөгү колдонуудагы мыйзамдарда башкача каралбаса, биз Сиздин жеке маалыматыңызды жалпыга жеткиликтүү булактардан максаттуу чогултууну ишке ашырбайбыз. 3. Жеке маалыматтардын субъекттеринин категориялары Жеке маалыматтардын субъекттерине Агенттиктин жана анын өкүлчүлүктөрүнүн, филиалдарынын, корреспонденттик пункттарынын кызматкерлери, Агенттиктин сайттарын, мобилдик тиркемелерин жана кызматтарын колдонуучулар, Агенттиктин өнөктөштөрү, клиенттери, контрагенттери жана алардын өкүлдөрү, журналисттер, блогерлер (социалдык тармактарда жеке сайт, баракчаны, басып чыгаруу аянтын өнүктүрүүчү жеке адамдар), жалпыга маалымдоо каражаттарынын өкүлдөрү, Агенттик өткөргөн иш-чаралардын катышуучулары, жеке маалыматтарды иштетүү максаттарын ишке ашырууну камсыз кылуу үчүн жеке маалыматтардын башка субъекттери кирет. Жеке маалыматтарды иштетүүнүн максаттары""Купуялык жөнүндө эскертүү"" 5-бөлүмдөкелтирилген. Агенттик бойго жеткен адамдардын жеке маалыматтарын иштетүүнү ишке ашырат. 4. Жашы жете электердин жеке маалыматтарын чогултуу Биздин маалымат ресурсубуз (сайт, мобилдик тиркеме) колдонуудагы мыйзамдарда же ата-энелердин же аларды алмаштырган адамдардын макулдугу менен каралган учурларды кошпогондо, жашы жете электердин жеке маалыматтарын иштетүү үчүн арналбаган. Эгерде колдонуудагы мыйзамдарда башкача каралбаса, жашы жете элек адам 18 жашка чыга элек адам болуп саналат. Эгерде Сиздин балаңыз бизге өзүнүн жеке маалыматтарын берди деп ишенүүгө негизиңиз бар болсо,""Байланыштар"" 13-бөлүмүндөкөрсөтүлгөн ыкманы колдонуу менен биз менен байланышыңыз. 5. Купуялык жөнүндө эскертүү 5.1. Сиздин инсандыгыңызды идентификациялоо менен жеке маалыматтарды иштетүү. Агенттиктин маалымат ресурсу (сайт, мобилдик тиркеме) төмөнкү максаттарга жетүү үчүн сизди жеке адам катары идентификациялоо үчүн жеке маалыматтарды иштетүүнү ишке ашырат: 5.1.1. Жаңылыктар сайтында жеке кабинеттин функционалын берүү. Жаңылыктар сайты деп Агенттиктин интернет-басылмасын түшүнүү керек, анын адистиги жаңылыктарды же жаңылыктык материалдарды чогултуу жана жайылтуу болуп саналат. Жеке маалыматтарды иштетүү максаты. Жаңылыктарды талкуулоого катышууга, жаңылыктарга түшүндүрмө берүүгө мүмкүнчүлүк берүү. Көрсөтүлгөн максат үчүн иштетилүүчү жеке маалыматтар. Сайтта катталуу үчүн төмөнкүлөрдү камсыз кылышыңыз керек: атыңыз же лакап атыңыз жана электрондук почта дареги. Каттоо эсебиңизди түзгөндөн кийин, Сиз өзүңүздүн жеке кабинетиңизде кошумча маалыматтарды көрсөтсөңүз болот: сүрөт, жашыңыз тууралуу маалымат; жынысыңыз; туулган күнүңүз; өлкөңүз; Google ID, Apple ID, социалдык тармактардагы аккаунт IDси. Кошумча маалыматтар милдеттүү болуп саналбайт. Эгер сиз Google ID, Apple ID, социалдык тармактагы аккаунт IDсин көрсөтсөңүз, анда сайт Сиздин социалдык тармактагы аккаунтуңуздагы маалыматтар: атыңыз, фамилияңыз, сүрөтүңүз, туулган күнүңүз, жынысыңыз, электрондук почта дареги, жазылуулар иштетилет. Жеке маалыматтарды иштетүү үчүн мыйзамдык негиздер. Сиздин макулдугуңуз. Жеке маалыматтарды сактоо мөөнөтү. Каттоо эсебиңизди өзүңүз жок кылмайынча же сиз макулдукту кайтарып алууга суроо-талап жөнөткөнгө чейин (маалыматтарды жок кылуу). Макулдукту кайтарып алуу тартиби.""Макулдукту кайтарып алуу укугу"" 8.7-пунктундакөрсөтүлгөн. Жеке маалыматтарды үчүнчү жактарга өткөрүп берүү. Эгерде сиз жеке кабинетиңиздин баптоолорунда өзүңүздүн Google ID, Apple ID, социалдык тармактагы аккаунт IDсин көрсөтсөңүз, анда сиздин жеке маалыматтарыңыз үчүнчү жактарга, атап айтканда: Google LLC (Firebase, Google Analytics); Twitter Inc. (Твиттер); Вконтакте ЖЧК (Вконтакте), Apple Inc. өткөрүлүп берилет. Сиздин жеке кабинетиңиздин баптоолорунда социалдык тармактар тууралуу маалыматтар болбосо, үчүнчү жактарга өткөрүп берүү жүргүзүлбөйт. Жеке маалыматтарды үчүнчү өлкөлөргө жана эл аралык уюмдарга өткөрүп берүү. Эгерде Сиздин жеке кабинетиңиздин баптоолорунда социалдык тармак тууралуу маалымат болсо, жеке маалыматтарды иштетүү Россия Федерациясынын аймагында, АКШда жана социалдык тармактын провайдери бар болгон башка өлкөлөрдө жүргүзүлөт. Жеке кабинетиңиздин баптоолорунда социалдык тармактар тууралуу маалымат болбосо, жеке маалыматтарды иштетүү Россия Федерациясынын аймагында гана жүргүзүлөт. 5.1.2. Медиасайтта жеке кабинеттин функционалын берүү. Медиасайт деп Агенттиктин маалымат ресурсу түшүнүлүшү керек, анда Агенттик тарабынан аларды андан аркы пайдалануу жана кийинки жайылтуу максатында түзүлгөн санариптик форматтагы маалымат продуктулары (фото, видео, аудио ж.б.) жайгаштырылган. Фотоматериалдарды, графикалык, инфографикалык, аудиовизуалдык материалдарды колдонуу укугуна лицензия берүү. Аты, фамилиясы, электрондук почта дареги, логин, компаниянын аталышы, компаниянын өнөр жайы, шаар, өлкөсү, иштеген жери, ээлеген кызматы, почта индекси, дареги, байланыш телефонунун номери. Келишим (лицензиялык макулдашуу). Келишим (лицензиялык макулдашуу) аракети токтотулганга чейин. Келишим токтотулгандан кийин келишим ички архивдик сактоого өткөрүлүп берилет. Келишимди сактоо мөөнөтү колдонуудагы мыйзамдардын талаптарына ылайык иштердин ички номенклатурасы менен аныкталат. Жеке маалыматтарды үчүнчү жактарга өткөрүп берүү жүргүзүлбөйт. Жеке маалыматтарды иштетүү Россия Федерациясынын аймагында гана жүргүзүлөт. 5.1.3. Коммерциялык маалымат ресурсундагы жеке кабинеттин функционалын уюмга берүү. Коммерциялык кызматтарды көрсөтүү. Электрондук почта; уюм; логин; колдонулуучу жаңылык каналдары жөнүндөгү маалыматтар. Келишим (лицензиялык макулдашуу) токтотулганга чейин. 5.1.4. Конкурстар же башка иш-чараларды өткөрүү. Маркетинг конкурстары жана акцияларын өткөрүү. Социалдык тармактардагы аккаунттардын IDси, фамилиясы, аты, атасынын аты, жашы, өлкөсү, интернет-мессенджерлер жана социалдык тармактардагы байланыштар тууралуу маалыматтар, байланыш телефондорунун номерлери, электрондук почта дареги, фото, видео. Сиздин жеке маалыматтарыңызды иштетүү үчүн мыйзамдуу негиздер. Конкурска же башка иш-чарага катышуу эрежелери. Иш-чаранын аягына чейин. Жеңүүчүлөрдүн берилмелери аларга сыйлыктарды бергенге чейин иштетилет. Үчүнчү жактар иш-чараларды уюштурууга (өнөктөштөр, үчүнчү тараптардын аянттары) же сыйлыктарды берүүгө (почта кызматтары, курьердик кызматтар же өнөктөштөр) тартылган учурда, жеке маалыматтар үчүнчү жактарга өткөрүлүп берилет. Конкурстун бардык этаптарын, анын ичинде жеңүүчүлөргө сыйлыктарды берүүнү уюштуруу убагында Агенттик жеке маалыматтарды үчүнчү жактарга өз алдынча өткөрбөйт. Үчүнчү жактар иш-чараларды уюштурууга (өнөктөштөр, үчүнчү тараптардын аянттары) же сыйлыктарды берүүгө (почта кызматтары, курьердик кызматтар же өнөктөштөр) тартылган учурда, жеке маалыматтарды иштетүү Россия Федерациясынын аймагында жана үчүнчү жактар бар өлкөлөрдө жүргүзүлөт. Тартылган үчүнчү жактар болбогон учурда жеке маалыматтарды иштетүү Россия Федерациясынын аймагында гана жүргүзүлөт. 5.1.5. Электрондук каттар- жөнөтмөлөр жана эскертүүлөрдү жөнөтүү. Маалыматтык жөнөтмөлөрдү ишке ашыруу. Фамилиясы, аты; электрондук почта дареги; турган жеринин дареги; почталык клиент тууралуу маалыматтар. Сиздин макулдугуңуз кайтарып алынганга чейин. The Rocket Science Group (Mailchimp); SendPulse Inc. (Sendpulse). Жеке маалыматтарды үчүнчү өлкөлөргө жана эларалык уюмдарга өткөрүп берүү. Жеке маалыматтарды иштетүү Россия Федерациясынын, АКШ, Германия жана Литва Республикасынын аймагында жүргүзүлөт. 5.1.6. Кайра байланыш мүмкүнчүлүгүн камсыз кылуу. Жеке адамдын же уюмдун өкүлүнүн кайрылууларын (даттанууларын, сунуштарын) кароо. Фамилиясы, аты; иштеген жери жана ээлеген кызматы; дареги; өлкөсү; байланыш телефон номерлери; электрондук почтанын дареги. Маселеңизди чечүү үчүн Сиз менен кайра байланышты камсыз кылуу. Кайрылууда бизге жиберилген сурооңуз чечилгенге чейин. 5.2. Сиздин инсандыгыңызды идентификациялоосуз жеке маалыматтарды иштетүү. Биздин сайт төмөнкү максаттарга жетүү үчүн Сизди жеке адам катары идентификациялоосуз автоматтык түрдө маалыматтарды чогултууну жүргүзөт: 5.2.1. Ички аналитикалык тутумдардын жардамы менен маалымат ресурсун (сайттар жана мобилдик тиркемелер) колдонуучунун жүрүм-турумун талдоо. Сайттын/мобилдик тиркеменин ишин жакшыртуу, контент берүү, эң тиешелүү жаңылык материалдарын көрсөтүү, Агенттиктин сайтында/мобилдик тиркемесинде жана жарнама тармактарында максаттуу жарнамаларды көрсөтүү. Cookie, IP дареги, жайгашкан жери тууралуу маалыматтар, ОТ түрү жана версиясы, браузердин түрү жана версиясы, түзмөктүн түрү жана экрандын токтому, колдонуучунун сайтка кайдан, кайсы сайттан же кайсы жарнама аркылуу келгени, ОТ жана браузердин тили, колдонуучунун Интернет тармагындагы активдүүлүгү. Мыйзамдуу кызыкчылык. Сиздин маалыматыңызды чогултуу убагында биз мыйзамдуу кызыкчылыкты жетекчиликке алабыз, анткени бул учурда башка негиздер колдонула албайт. Биздин иш-аракеттер сиздин берилген мазмунга болгон кызыгууңуз, аны колдонуунун ыңгайлуулугуна байланыштуу болот. Биздин сайтта колдонуучунун жүрүм-турумун талдоо жалпыга маалымдоо каражаттарынын иш-аракети үчүн кеңири таралган практика болуп саналат, бул жагынан биз сиздердин бул тууралуу кабардар болушуңузга таянабыз. Биз белгилеген максатка жетүү үчүн жүргүзүлгөн Сиздин маалыматтарыңыздын талдоосу Сиздин укуктарыңыз жана эркиндиктериңизге олуттуу таасир этпей турганын ырастайбыз. Сактоо мөөнөтү cookie файл түрүнө байланыштуу болот. Тийиштүү акысыз тышкы сервистерди колдонуп, cookie-файлдардын түрлөрүнүн сүрөттөмөсү менен өз алдынча таанышсаңыз болот, мисалы:https://www.hotcleaner.com/cookie-editor/. 5.2.2. Маалымат ресурсун (сайттар жана мобилдик тиркемелер) колдонуучунун жүрүм-турумун үчүнчү тараптын ресурстарынын жардамы менен талдоо. Сайттын/мобилдик тиркеменин иштешин жакшыртуу, контент берүү, эң тиешелүү жаңылык материалдарын көрсөтүү, максаттуу жарнаманы көрсөтүү. Cookie, IP дареги, жайгашкан жери тууралуу маалымат, ОТ түрү жана версиясы, браузердин түрү жана версиясы, түзмөктүн түрү жана экрандын токтому, колдонуучу сайтка кайдан, кайсы сайттан же кайсы жарнама аркылуу келгени, ОТ жана браузердин тили, колдонуучунун Интернет тармагындагы активдүүлүгү. 1) Cookie-файлдын түрүнө жараша анын сактоо мөөнөтү аяктаганга чейин. Тийиштүү акысыз тышкы сервистерди колдонуп, cookie-файлдын түрүнө жараша сактоо мөөнөтү менен өз алдынча таанышсаңыз болот, мисалы:https://www.hotcleaner.com/cookie-editor/. 2) Макулдук кайтарып алынганга чейин (иштетүүдөн баш тартуу). Макулдукту кайтарып алуу тартиби""Макулдукту кайтарып алуу укугу"" 8.7-пунктундакөрсөтүлгөн. Үчүнчү жактарга жеке маалыматтарга жетүүнү камсыз кылуу. Бул максатка жетүү үчүн үчүнчү тарап кызматтарынын маалымат ресурстарына туташуу колдонулат. Бул кызматтарга талдоо жүргүзүү максатында жеке маалыматтарыңызды чогултуу мүмкүнчүлүгү берилет. Бул учурда, Сиздин жеке маалыматтарыңызды иштетүү үчүнчү тарап кызматтарынын Купуялык саясаты менен жөнгө салынат. Жеке маалыматтарды иштетүү Россия Федерациясынын аймагында, АКШда, Египетте жана үчүнчү тараптын кызматтары бар башка өлкөлөрдө жүргүзүлөт. 5.3. Маалымат ресурстарын пайдаланбастан Агенттиктин ишинин алкагында маалыматтарды иштетүү. Биз сиздин Жеке маалыматтарыңызды төмөнкү максаттарга жетүү үчүн маалымат ресурстарын пайдаланбастан иштетебиз: 5.3.1. Агенттиктин өзүнүн иш-чарасына же Агенттик тарабынан уюштурулган иш-чарага ЖМКнын өкүлүн, блогерди аккредитациялоо. Агенттиктин өзүнүн иш-чарасына же Агенттик тарабынан уюштурулган иш-чарага ЖМКнын өкүлүн, блогерди аккредитациялоо. Фамилиясы, аты, Атасынын аты; жынысы; жарандыгы; инсандыгын ырастоочу документтин реквизиттери; сүрөт; паспорт барактарынын көчүрмөлөрү; иштеген жери жана ээлеген кызматы; визанын категориясы жана номери; электрондук почтанын дареги; байланыш телефондорунун номерлери; кирүү максаты. Аккредитациялоо жүргүзүү мөөнөтүнүн ичинде жана аккредитациялоо аяктагандан кийин бир жылдын ичинде. Жеке маалыматтарды үчүнчү жактарга өткөрүп берүү, эгерде алар Агенттиктин иш-чараларын өткөрүү процессине тартылган болсо, жүзөгө ашырылат. Жеке маалыматтарды иштетүү Россия Федерациясынын аймагында жана иш-чаралар өтүп жаткан өлкөнүн аймагында жүргүзүлөт. 5.3.2. Агенттиктин иш-чарасына чакыруу. Агенттиктин иш-чарасын уюштуруу. Фамилиясы, аты, атасынын аты; сүрөт; иштеген жери жана ээлеген кызматы; электрондук почтанын дареги; байланыш телефондорунун номерлери; илимий даражалары жөнүндө маалымат; өмүр баяны жөнүндө маалымат; Интернет-мессенджерлердеги жана социалдык тармактардагы байланыштары жөнүндө маалымат. Жеке маалыматтарды үчүнчү жактарга өткөрүп берүү, эгерде алар Агенттиктин иш-чарасын өткөрүү процессине тартылса, жүзөгө ашырылат. Жеке маалыматтарды иштетүү Россия Федерациясынын аймагында жана иш-чара өтүп жаткан өлкөнүн аймагында жүргүзүлөт. 5.3.3. Агенттиктин өнөктөштөрүнүн өкүлдөрүнүн, контрагенттеринин жана клиенттеринин маалыматтарын иштетүү. Жарандык-укуктук келишимди түзүү, аткаруу жана бузуу; келишимди контрагент менен макулдашуу. Фамилиясы, аты, атасынын аты; иштеген жери жана ээлеген кызматы; электрондук почтанын дареги; байланыш телефонунун номери. Келишим түзүүгө, ошондой эле келишимди аткарууга багытталган аракеттер (келишимдин ар кандай түрү). Келишим түзүлгөнгө чейин, келишимдин аракети токтогонго чейин. 5.3.4. Жалпыга маалымдоо каражаттарынын ишмердүүлүгүнүн алкагында материалдарды даярдоо. ЖМК ишин жүргүзүү. Фамилиясы, аты, атасынын аты; иштеген жери жана ээлеген кызматы; сүрөтү; интервьюнун аудио жазуусу; интервьюну же сөздү видео жазуусу; өмүр баяны; электрондук почтанын дареги; байланыш телефонунун номери; Интернет-мессенджерлердеги жана социалдык тармактардагы байланыштар жөнүндө маалымат. Сиздин маалыматыңызды чогултуу убагында биз мыйзамдуу кызыкчылыкты жетекчиликке алабыз, анткени бул учурда башка негиздер колдонула албайт. Биздин ишмердүүлүк коомдун түрдүү чөйрөлөрүндө болуп жаткан окуяларга оперативдүү жооп кайтарууга жана аларды жаңылык материалдар түрүндө көрсөтүүгө негизделген. Жалпыга маалымдоо каражаттарынын ишмердүүлүгүнүн алкагында материалды түзүүдө жеке маалыматтар колдонулушу мүмкүн жана бул жеке маалыматтар, эгерде бул жеке адамдын укуктарын жана эркиндиктерин бузбаса, жалпыга жеткиликтүү болуп калат жана биз бул тууралуу Сиздин кабардар болушуңузга таянабыз. ММКнын журналисттик ишмердүүлүгүн жүргүзүүнүн алкагында мөөнөтсүз. 5.3.5. ЖМК өкүлдөрүнө жөнөтмөлөрдү ишке ашыруу. Жаңылык жөнөтмөлөрүн ишке ашыруу. Фамилиясы, аты, атасынын аты; иштеген жери; байланыш телефонунун номери; электрондук почтанын дареги; өлкө. Макулдукту кайтарып алуу тартиби""Макулдукту кайтарып алуу укугу"" 8.7-пунктундакөрсөтүлгөн. 6. Профилдештирүүнү кошкондо жекече чечимдерди автоматташтырылган түрдө кабыл алуу Биз максаттарыбызга жетүү үчүн Сиздин жеке маалыматыңызды иштеткен убакта, биз профилдештирүүү кошкондо жекече чечимдерди автоматташтырылган түрдө, анын ичинде кабыл албайбыз. 7. Жеке маалыматтарды жок кылуу Жеке маалыматтарды жок кылуу, эгерде колдонуудагы мыйзамдарда башка шарттар каралбаса, иштетүү максатына жеткенден кийин, аларды сактоо мөөнөтү аяктагандан кийин, жеке маалыматтар субъектинин макулдугун кайтарып алган учурда же келишим бузулганда жүргүзүлөт. Ошондой эле, жеке маалыматтар мыйзамсыз иштетилгени аныкталган учурда жок кылынууга тийиш. 8. Сиздин укуктарыңыз 8.1. Сиз жөнүндө маалыматтарга жетүү укугу. Сиз жеке маалыматтарыңызды иштетүү тартиби: иштетүүнүн максаттары, категориялары, анын ичинде башка өлкөлөрдөн же эл аралык уюмдардан алуучулар же алуучулардын категориялары, сактоо мөөнөтү, иштетүүнү токтотуу шарттары, жеке маалыматтарды алуу булагы жөнүндө бизден маалымат алууга укуктуусуз. Сиз бизден электрондук түрдө иштетилип жаткан маалыматтарыңыздын кеңири колдонулган форматындагы электрондук көчүрмөсүн, эгер бул укук колдонуудагы мыйзамдарда ачык аныкталган болсо, алууга укугуңуз бар. 8.2. Сиздин жеке маалыматтарыңызды оңдоо укугу. Эгерде Сиздин жеке маалыматтарыңыз так эмес, толук эмес же эскирип калган болсо, Сиз аларды биз тараптан кечиктирбестен оңдоону талап кылууга укугуңуз бар же ылайыктуу болсо, аларды өзүңүз, мисалы, жеке кабинетиңиздин баптоолорунан оңдой аласыз. Жеке маалыматыңызды оңдогондон кийин, биз сизге бул тууралуу кабарлайбыз. 8.3. Сиздин жеке маалыматтарыңызды жок кылуу укугу. Сиздин жеке маалыматтарыңызды биз тараптан кечиктирбестен жок кылууну талап кылууга укугуңуз бар, же ылайыктуу болсо, аны өзүңүз, мисалы, жеке кабинетиңиздин баптоолорунан жок кыла аласыз. Эгерде биз Сиздин жеке маалыматыңызды жок кыла албасак, анда анын ээсин аныктоо мүмкүн болбой тургандай кылып, Сиздин жеке маалыматыңызды анонимдүү кылабыз. Жеке маалыматтарыңызды жок кылгандан же анонимдөөдөн кийин, биз бул тууралуу Сизге кабарлайбыз. 8.4. Иштетүүнү чектөө (бөгөттөө) укугу. Сиздин жеке маалыматтарыңызды иштетүүнү чектөөнү (бөгөттөө) бизден талап кылууга укугуңуз бар. Сиз бул укуктан төмөнкү учурларда гана пайдалана аласыз: 1) жеке маалыматтардын тууралыгы бизге маалыматтардын тууралыгын текшерүүгө мүмкүндүк берген мөөнөт ичинде сиз тарабынан талашып-тартылып жаткан болсо; 2) иштетүү мыйзамсыз жана Сиз жеке маалыматтарыңыздын жок кылынышына каршы болуп, аларды колдонууну чектөөнү сурансаңыз; 3) бизге мындан ары кайра иштетүү максаттары үчүн жеке маалыматтар керек болбосо, бирок алар юридикалык талаптарды аныктоо, жүзөгө ашыруу же коргоо үчүн зарыл болсо; 4) Биздин мыйзамдуу негиздер сиздин негиздериңизден жогору экендигин текшерүүдөн мурун кайра иштетүүгө каршы болсоңуз. Сиздин жеке маалыматыңызды иштетүүгө чектөөлөр (бөгөттөө) орнотулган учурда, биз тарабынан иштетүү бөгөттөө алынып салынганга чейин токтотулат, бирок анда биз Сиздин жеке маалыматыңызды сактайбыз. Сиз алардан жеке маалыматтарыңызды иштетүүгө чектөөнү (бөгөт коюуну) каалаган убакта""Байланыштар"" 13-бөлүмүндөкөрсөтүлгөн тартипте суроо-талап жөнөтүү аркылуу алып салсаңыз болот. 8.5. Маалыматтарды көчүрүү укугу. Сиздин жеке маалыматтарыңызды структураланган жана машина окуй турган форматта алууга, ошондой эле бул маалыматтарды башка уюмга өткөрүп берүүгө укугуңуз бар. Сиз бул укукту Сиздин маалыматтарыңыз макулдугуңуздун же кол коюлган келишимдин негизинде электрондук түрдө иштетилген убакта, Сиз тараптардын бири болуп саналган жана бул укук колдонуудагы мыйзамдарда так аныкталган жана техникалык жактан ишке ашышы мүмкүн болгон учурда пайдалана аласыз. 8.6. Каршы чыгуу укугу. Сиз каалаган убакта жүйөлүү каршы пикириңиздин негизинде жеке маалыматтарыңызды иштетүүгө каршы чыгууга укугуңуз бар, эгерде: 1) коомдук кызыкчылык үчүн милдеттер аткарылса же бизге жүктөлгөн расмий ыйгарым укуктарды ишке ашырылса; 2) биз же үчүнчү тарап көздөгөн мыйзамдуу кызыкчылыктар болсо, бирок мындай кызыкчылыктар сиздин укуктарыңызды жана эркиндиктериңизди коргоо үчүн зарыл болбосо. Биз Сиздин жеке маалыматыңызды иштетүү үчүн ынандырарлык мыйзамдуу негиздерди көрсөтө албасак, аларды иштетпейбиз. Сиз ошондой эле жеке маалыматтарыңыздын маркетинг максаттарында, анын ичинде профилдештирүүү үчүн иштетилишине каалаган убакта, эгерде мындай каршылык колдонуудагы мыйзамдарда ачык каралган болсо, каршы чыга аласыз. 8.7. Макулдукту кайтарып алуу укугу Эгер Сиздин маалыматтарыңыз Сиздин макулдугуңуздун негизинде иштетилсе, Сиз аны кайтарып алууга укуктуусуз. Биз макулдукту жөнөкөй кайтарып алуу функционалын ишке ашырабыз: 1) электрондук кат -жөнөтмөлөр дарегине жазуу аркылуу макулдукту кайтарып алуу. Сиз макулдугуңуздан бир нече жол менен кайтарып ала аласыз: а) ар бир жөнөтүлгөн электрондук почтада бар ""Жазылууну токтотуу"" шилтемесин басуу менен; б) электрондук кат -жөнөтмөлөр дарегине жооп каты менен кайтарып алуу пикириңизди жөнөтүү аркылуу; в) орундуу болсо, сиздин жеке кабинетиңиздин баптоолорунан өз алдынча жөнөтмөнү өчүрүү аркылуу. 2) сайттагы жеке кабинетте жеке маалыматтарды иштетүүгө макулдукту кайтарып алуу. а) сайттын жеке кабинет баптоолорунда аккаунтту жок кылуу менен (""Баптоолор"" бөлүмүндөгү ""аккаунтту өчүрүү"" шилтемеси); б)""Байланыштар"" 13-бөлүмүндөкөрсөтүлгөн тартипте бизге суроо-талап жөнөтүү аркылуу. 3) cookie иштетүүгө макулдукту кайтарып алуу (cookie иштетүүдөн баш тартуу). Сайттагы көз салуу баптоолорунун жардамы менен жеке маалыматтарыңызды иштетүү категорияларын өчүрүү жеCookie колдонуу жана автоматтык логирлөө саясатындакөрсөтүлгөн нускама боюнча макулдугуңузду кайтарып ала аласыз (иштетүүдөн баш тарта аласыз). Cookie файлдарынын түрүнө жараша, алар түзмөгүңүздөгү браузерди жапкандан кийин автоматтык түрдө жок кылынышы мүмкүн. Эгер автоматтык түрдө өчүрүү каралбаган болсо, анда сиздин макулдугуңуз кайтарып алынгандан кийин иштетүү токтотулат. 4) маалымат ресурстарын пайдаланууга байланышпаган максаттарда жеке маалыматтарды иштетүүгө макулдукту кайтарып алуу. Сиз""Байланыштар"" 13-бөлүмүндөкөрсөтүлгөн тартипте бизге суроо-талап жөнөтүү менен макулдугуңузду кайтарып ала аласыз. 8.8. Көзөмөл органына арыз берүү укугу. Маалыматтарыңызды кантип иштетип жатканыбызга, укуктарыңызды коргогонубузга жана ишке ашыруубузга шектенсеңиз, өлкөңүздүн ыйгарым укукту көзөмөл органына арыз берүү укугуңуз бар. Эгер сиз Россия Федерациясынын жараны болсоңуз же Россия Федерациясынын аймагында болсоңуз, андаРоскомнадзордунсайтынан көзөмөл органынын байланыштарын карай аласыз. Эгер сиз Европа Бирлигинин жараны болсоңуз же Европа Бирлигинин аймагында болсоңуз, андаЕвропалык маалыматтарды коргоо кеңешинин сайтынанкөзөмөл органынын байланыштарын карай аласыз. Эгер сиз Европа Бирлигинин мүчө-өлкөлөрүнүн тизмесине кирбеген мамлекеттин жараны болсоңуз же сиз ушул мамлекеттин аймагында болсоңуз, анда көзөмөл органынын байланыштарын ушул мамлекеттин ыйгарым укуктуу органынын расмий сайтынан таба аласыз. 8.9. Маалыматтын субъектин идентификациялоо үчүн кошумча маалыматты суроо. Эгерде сиз берген маалыматтар Сиздин укуктарыңызды ишке ашыруу үчүн жетишсиз болсо, инсандыгыңызды ишенимдүү тастыктоо үчүн сизден кошумча маалыматты талап кылышыбыз мүмкүн. Биз кошумча маалыматтын керектүү минималдуу курамын суроого аракет кылабыз. Эгер Сиз кошумча маалыматтарды бербесеңиз, биз Сиздин укуктарыңызды ишке ашыра албайбыз. Кошумча маалыматты талап кылуу менен биз Сиздин укугуңузду бузуп жатабыз деп ойлосоңуз, тиешелүү көзөмөл органына арыз менен кайрылсаңыз болот. 8.10. Сиздин укуктарыңыз боюнча маалымат берүүнүн шарттары. Сиздин укуктарыңызды ишке ашырууга байланыштуу маалыматтар бекер берилет. Эгерде сиздин өтүнүчүңүз ачык эле негизсиз же ашыкча болсо, атап айтканда, анын кайталануучу мүнөзүнөн улам, биз жооп берүүдөн баш тартышыбыз же суралган маалыматты бергенибиз үчүн сизден акы алуубуз мүмкүн. 8.11. Сиз өз укугуңузду кантип ишке ашыра аласыз. Сиздин укуктарыңызды ишке ашыруу үчүн биз бир нече жолду сунуштайбыз: 1) Сиз жеке маалыматтарыңыздын корголушуна байланыштуу бизге кайрылуу жөнөтүү үчүн сайтта жайгаштырылганкайра байланышформасын колдоно аласыз; 2) өзүңүздүн жеке кабинетиңиздин функционалын колдонуу убагында орундуу болсо, өз укуктарыңызды өз алдынча ишке ашыра аласыз; 3) Олуттуу суроолор боюнча,""Байланыштар"" 13-бөлүмүндөкөрсөтүлгөн жол менен маалыматтарды коргоо үчүн жооптуу адам менен түздөн-түз байланыша аласыз. 8.12. Биз сиздин укугуңузду ишке ашыра албай калганда. Колдонуудагы мыйзамдар талап кылса, биз милдеттерибиздин көлөмүн жана Сиздин укуктарыңызды чектей алабыз. Бул чектөөлөр Сиздин жеке маалыматтарыңыз төмөнкүдөй иштетилсе, колдонулушу мүмкүн: 1) улуттук коопсуздукту камсыз кылуунун алкагында; 2) коргоо үчүн; 3) коомдук коопсуздук үчүн; 4) алдын ала текшерүү, тергөө, инсандыгын аныктоо жүзөгө ашырылган учурда же кылмыш жасагандыгы үчүн соттук артынан түшүү же жазык-укуктук жазаларды аткаруу, анын ичинде коомдук коопсуздукка коркунучтардын алдын алуу жана коргоо учурунда; 5) сиз турган мамлекет үчүн мыйзамдуу коомдук кызыкчылыктын башка маанилүү максаттары үчүн, атап айтканда, маанилүү экономикалык же финансылык кызыкчылыктар, анын ичинде акча-кредит, бюджеттик жана салык маселелери, саламаттыкты сактоо жана социалдык камсыздоо; 6) соттун жана сот өндүрүшүнүн көз карандысыздыгын коргоо максатында; 7) жөнгө салынуучу кесиптер боюнча этикалык бузуулардын алдын алуу, тергөө, аныктоо жана куугунтуктоо; 8) расмий ыйгарым укуктарды жүзөгө ашырууга байланышкан мониторинг, текшерүү же жөнгө салуу функциясын аткаруу үчүн; 9) Сизди же Сиздин укуктарыңыз менен башка адамдардын эркиндиктерин коргоо үчүн; 10) жарандык-укуктук доо коюу укугун ишке ашыруу жана сот чечимдерин аткаруу үчүн. Ошондой эле, кээ бир укуктарды ишке ашыруу үчүн өзгөчө шарттар бар, аларды аткарбастан укукту ишке ашыруу мүмкүн эмес, атап айтканда: Жок кылуу укугу үчүн өзгөчөлүктөр: 1) сөз эркиндигине жана маалыматка болгон укукту ишке ашыруу үчүн; 2) колдонуудагы мыйзамдарга ылайык иштетүүнү талап кылган юридикалык милдеттенмени аткаруу же коомдук кызыкчылыкта же колдонуудагы мыйзам тарабынан бизге жүктөлгөн расмий ыйгарым укуктарды жүзөгө ашыруу тартибинде аткарылган тапшырманы аткаруу үчүн; 3) калктын саламаттыгын сактоо жаатындагы коомдук кызыкчылыктын себептери боюнча; 4) коомдук кызыкчылык үчүн архивдөө максатында, илимий же тарыхый изилдөө максаттарында же статистикалык максаттарда; 5) соттук доолорду козгоо, жүзөгө ашыруу же коргоо үчүн. Иштетүүнү чектөө (бөгөттөө) укугу үчүн өзгөчөлүктөр: 1) Сиздин макулдугуңуз менен юридикалык талаптарды коюу, ишке ашыруу же коргоо үчүн; 2) башка жеке же юридикалык жактын укуктарын коргоо үчүн; 3) мамлекеттин маанилүү мыйзамдуу коомдук кызыкчылыктарын камсыз кылуу максатында. Эгерде биз Сиздин талабыңыз боюнча укугуңузду ишке ашыра албасак, анда биз сизге жүйөлүү баш тартуу жазабыз. 9. Cookie жана автоматтык логирлөө Саясаттын5.2-пунктундакөрсөтүлгөн максаттарга жетүү үчүн, биз cookie жана берилмелерди автоматтык логирлөө технологияларын колдонобуз. Cookie – бул түзмөктө (компьютерде, планшетте, смартфондо ж.б.) сакталуучу кичинекей тексттик файл. Автоматтык логирлөө лог-файл көрүнүшүнө ээ жана биздин веб-серверлер жана коопсуздук тутумдары тарабынан колдонулат. Бул берилмелерди иштетүү биздин сайтты коопсуз пайдалануу үчүн, ошондой эле анын ишинин сапатын жогорулатуу үчүн гана арналган. Биз бул маалыматты жеке Сиздин инсандыгыңызды идентификациялоо үчүн колдонбойбуз жана бул берилмелерди башка берилмелер менен бириктирбейбиз, өткүрүп бербейбиз жана колдонуучулардын жеке профилдерин түзбөйбүз. Бул технологияларды колдонуубуз тууралуу көбүрөөк маалымат менен Cookie колдонуу жана автоматтык логирлөө Саясатында тааныша аласыз. 10. Жеке маалыматтарды үчүнчү өлкөлөргө өткөрүп берүү кепилдиктери жөнүндө маалымат Катышкан өлкөлөрү жеке маалыматтарды коргоонун тийиштүү деңгээлин камсыз кылган өлкөлөрдүн катарына кирбеген контрагенттер менен өз ара аракеттенүүдө биз Европа Комиссиясы, Роскомнадзор жана улуттук мыйзамдар тарабынан сунушталган стандарттык келишим шарттарын колдонобуз. Биз Сиздин жеке маалыматтарыңызды коргоо үчүн эң мыкты коопсуздук жана купуялык практикасына ылайык коопсуздук чараларын көрдүк. Биз сиздин маалыматыңызды коргоо үчүн алдын алуу чараларын колдонобуз. 11. Маалыматтын коопсуздугу Биз чогулта турган жана сактаган жеке маалыматтар купуя маалымат болуп эсептелет. Алар жоготуудан, өзгөртүүдөн же уруксатсыз кирүүдөн корголгон. Бул учун техникалык каражаттарды жана уюштуруу чараларын колдонобуз. Биз маалыматтарды коргоо тутумдарыбызды дайыма өркүндөтүп жатабыз. Биз иштетүү убагында Сиз үчүн коркунучтарды аныктоо үчүн маалыматтарды коргоонун таасирин баалоо процедурасын жүргүзөбүз. Биз аныкталган тобокелдиктерди техникалык жана уюштуруу коргоо чараларын колдонуу жардамы менен азайтабыз. Биз Сизге берген сайтыбыздагы каттоо эсебиңиздин купуя сөзүн сактоого сиз жооптуусуз. Сиз бул купуя сөздү сыр сактап, аны эч кимге бербешиңиз керек. 12. Саясаттын өзгөрүшү Биз саясатка өзгөртүүлөрдү киргизүү укугун өзүбүзгө калтырабыз. Саясатка киргизилген өзгөртүүлөр жөнүндө бизде жеткиликтүү болгон бардык каражаттарды колдонуу менен Сизге кабарлайбыз (каттоо учурунда көрсөткөн электрондук почта дарегиңиз аркылуу; Сиз киргенде биздин сайт аркылуу). Дайыма саясаттын ар бир жаңыртуусун карап турушуңузду сурайбыз. 13. Байланыштар Бизге жеке маалыматтарды коргоого байланыштуу суроо-талапты жөнөтүү үчүн, Сизкайра байланышформасын колдоно аласыз. Жеке маалыматтарды коргоого байланыштуу эң маанилүү суроолор боюнча, маалыматты коргоо үчүн жооптуу адам менен түздөн-түз электрондук почта дареги боюнча байланышсаңыз болот: Аты: Дмитрий Фамилиясы: Наймушин Электрондук почта дареги:privacy@sputniknews.com Бул байланыштар жеке маалыматтарды иштетүү жана коргоо боюнча өз ара аракеттенүү үчүн гана колдонулаарын эске алыңыз. Жеке маалыматтарды коргоого тиешеси жок суроо-талаптар каралбайт. Жеке маалыматтарды коргоого тиешеси жок суроо-талаптар үчүн Агенттиктинбайланыш тизмесиндеги даректиколдонууну сурайбыз. Көңүл бургула! Кайрылуунун темасына жараша туура бөлүмдү тандаңыз. Эгерде сиз туура эмес бөлүмдү тандасаңыз, сиздин сурооңуз жоопсуз калышы мүмкүн, анткени бөлүмдөр өздөрүнүн компетенциясынын чегинде гана жооп беришет. 23.01.2023",sputnik.kg,https://sputnik.kg/20230201/1074537452.html,,kyrgyz,0,high,news_site
22ef4f9d-ed72-40fb-98db-f383d1013a0b,Ветеринардык дары каражаттары Россиядан келет — лабораториялардын абалы кандай?,"Кыргызстанда ветеринардык дары-дармектердин сапаты, алардын каттоосу жана көзөмөлү акыркы жылдары өзгөчө көңүл чордонунда. Лабораториялардын техникалык абалы, дары каражаттарынын мамлекеттик реестринин иштеши жана рынокко түшүп жаткан продукциянын коопсуздугу боюнча суроолор көп. Адистердин айтымында, өлкөгө Россиядан жогорку сапаттагы ветеринардык препараттар импорттолууда, бирок аларды текшерүү, каттоо жана колдонуу тартибинде дагы деле чечүүнү талап кылган маселелер бар. Бул багыттагы жалпы абал жана жүргүзүлүп жаткан иштер тууралуу маектешебиз. Ветеринардык кызматтын Ветеринардык дары каражаттары жана тоют кошулмалары борборунун Ветеринардык дары каражаттарын каттоо жана сертификациялоо бөлүмүнүн башчысы Адылбек Иманалы уулу кененирээк айтып берди.",sputnik.kg,https://sputnik.kg/20260505/1101128562.html,11:33 05.05.2026(Жаңыртылды:11:46 05.05.2026),kyrgyz,0,high,news_site
b11ae307-ca1c-4405-9b42-b988536b483a,Баш мыйзамга 33 жыл: Конституция — туруктуулуктун негизи,"Конституция күнүнө карата Конституциялык соттун ишмердүүлүгү тууралуу сөз кылдык. Баш мыйзамдын сакталышын көзөмөлдөө, конституциялык мыйзамдуулуктун учурдагы абалы, жарандардан келип түшкөн кайрылуулар, эл аралык кызматташтык жана сот адилеттигин камсыз кылуу — бул багыттарда аткарылып жаткан иштер талдоого алынат. Кененирээк Конституциялык соттун судьясы Чынара Айдарбекова айтып берди.",sputnik.kg,https://sputnik.kg/20260505/1101126245.html,09:04 05.05.2026(Жаңыртылды:09:16 05.05.2026),kyrgyz,0,high,news_site
4bd08a41-fa1f-4c90-9738-7e8b66ab69b1,ЖМК: АКШнын аскерлери коштоп Ормуз аркылуу кемени алып өтүп кетти,"БИШКЕК, 5-май — Sputnik.Америкага таандык болуп (анын желеги астында) сүзүп бараткан даниялык компаниянын контейнер ташуучу кемеси америкалык аскерлердин коштоосунда Ормуз кысыгынан өттү. Бул тууралуу даниялык TV2 телеканалы компаниянын билдирүүсүнө таянып кабарлаганынРИА Новостижазды Телеканал Жакынкы Чыгыштагы жаңжал башталган учурда (февралда) бул соода кемеси Перс булуңунан чыга албай калганын билдирген. Жакында АКШ армиясынан компанияга чыгышып, кемени Ормуз кысыгынан коштоп өтүүнү сунуштаган. ""Кеме АКШ аскерлеринин коштоосунда Перс булуңунан чыгып кетти"", — деп маалыматтаайтылат. Судно Ормуз кысыгынан эч кандай тоскоолдуксуз өткөнүн да жазышты. 3-май күнү кечинде АКШ президенти Дональд Трамп Ормуз кысыгында камалып калган кемелерге жардам берүү максатында ""Эркиндик долбоору"" (Project Freedom) операциясын жарыялаган. Буга жооп катары Ирандын ""Хатам аль-Анбия"" борбордук штабынын башчысы Али Абдоллахи Тегеран АКШны Ормуз кысыгына жакындабоону эскертерин жана америкалык күчтөргө сокку урууга даяр экенин билдирген. Ирандагы абал Перс булуңундагы мамлекеттерден дүйнөлүк рынокко мунай ташылган маанилүү маршрут — Ормуз кысыгынын дээрлик бөгөттөлүшүн шарттады. Мындан тышкары, нефть казууга жана экспорттоого кедергисин тийгизип жатат. Кысыктын жабылышынан улам бир катар мамлекеттерде мунайдын баасы көтөрүлүп, кымбатчылык байкалууда. Иран президенти: АКШнын деңиздеги чектөөлөрү дүйнөнүн туруктуулугуна доо кетирүүдө30 Чын Куран, 14:04",sputnik.kg,https://sputnik.kg/20260505/akshnyn-askerleri-ormuz-arkyluu-bir-kemeni-koshtop-otkorgonu-aytyldy-1101130176.html,15:49 05.05.2026,kyrgyz,0,high,news_site
65512105-4dd2-418d-8e87-855ca09ae1b2,Кыргызстандын экспортунун жарымы ЕАЭБ өлкөлөрүнө кетет,"БИШКЕК, 5-май — Sputnik.Кыргызстан сыртка кетирген айыл чарба продукциянын жарымын Евразиялык экономикалык Биримдикке кирген мамлекеттер алат. Экспорт боюнча көрсөткүчтөр: Россия — 7,8 млрд. сом (эт-сүт продукциясы, жашылча-жемиш);Казакстан — 7,8 млрд. сом (жашылча-жемиш, канаттуулардын эти, сүт азыктар);Беларусь — 1,5 млрд. сом (эт-сүт продукциясы, макарон азыктар жана тоют);Армения — 13 млн. сом (жашылча, жаңгак, эт продукциясы). Кыргыз форелине чет өлкөдө суроо-талап өсүп жатат4 Бугу, 18:48",sputnik.kg,https://sputnik.kg/20260505/kyrgyzstandyn-eksportunun-zharymy-eaebdegiler-alat-1101136149.html,20:18 05.05.2026,kyrgyz,0,high,news_site
30ad7867-f003-418f-9932-db0f42338f81,Төрт медаль. Кыргызстандык чабандестер Өзбекстандан олжолуу кайтты,"БИШКЕК, 5-май — Sputnik.Кыргызстандын ат спорту боюнча курама командасы Ташкентте өткөн Евразия лигасынын дүйнө кубогунун этаптарында төрт медаль менен кайтты. Бул туурасында Дене тарбия жана спорт боюнча мамлекеттик агенттиктен кабарлашты. Екатерина Каркавцева күмүш, ал эми Ринат Галимов алтын алтын жана коло медаль тагынды. Алтындын бирин кыргызстандык спортчу Казакстандын өкүлү менен бөлүштү. Белгилей кетсек, аталган мелдештерде дүйнө кубогунун финалына жана ат спорту боюнча дүйнө чемпионатына жолдомо берүүчү рейтингдик упайлар ойнотулат. Өлкөнүн хоккей боюнча жаштар командасы Азия кубогунда күмүш медалга ээ болду4 Бугу, 12:01",sputnik.kg,https://sputnik.kg/20260505/kyrgyzstandyk-chabandester-tashkentten-olzholuu-kaytty-1101133990.html,17:35 05.05.2026,kyrgyz,0,high,news_site
56f5d55b-7a4c-4cc5-b16b-e9d6c7776544,Бишкекте Жеңиш күнүнө карата бир топ иш-чаралар өтөт. Тизме,"БИШКЕК, 5-май — Sputnik.Кыргызстанда Улуу Ата Мекендик согуштагы Жеңиштин 81 жылдыгын белгилөө боюнча иш-чаралар расмий эртеңден, 6-майдан тарта, башталат. Бишкек мэриясы иш-чаралардын тизмесин берди. Алар: 6-май саат 11:00дө К. Молдобасанов атындагы улуттук консерваторияда ""Кызыл гвоздика — муундардын эсинде"" аттуу сынак-фестивалдын гала-концерти болот;6-май саат 10:30да Ч. Түлөбердиев атындагы паркта ""Эскерүү оту"" аттуу акция өткөрүлөт;7-май саат 10:00дө ""1941–1945"" жана ""Түбөлүк эскеребиз"" эстеликтерине гүлчамбар коюлат;7-май саат 10:00дө Төмөнкү Ала-Арчадагы монументтин жанында митинг-реквием өтөт;8-май саат 11:00дө ""1941–1945"" эстелигине гүлчамбар коюлат;8-май саат 10:00дө Д. Асанов атындагы аскер лицейинде митинг-реквием болот;9-май саат 09:30да Жеңиш аянтында Улуу Ата Мекендик согуштагы Жеңиштин 81 жылдыгына арналган негизги иш-чара өтөт;9-май саат 11:00дө Ч. Түлөбердиев атындагы паркта жоокер боткосу берилет;10-май саат 14:00дө ""Диалог"" шаардык маданият үйүндө ""Эстейбиз"" аттуу Жеңиш күнүнө арналган майрамдык кече өтөт. Бишкек: согуш ардагерлерин боордоштор көрүстөнүндө эскеришип, ага РФ элчиси катышты1 Бугу, 15:20",sputnik.kg,https://sputnik.kg/20260505/bishkekte-9-mayga-karata-otchu-ish-charalardyn-tizmesi-1101128652.html,12:15 05.05.2026,kyrgyz,0,high,news_site
f1ba83fe-2f46-418a-8648-1d8b15c42e43,Жаңылыктар. Чыгарылыш 09:00,"Энергетика министри Таалайбек Ибраев Кытайдын Чжэцзян провинциясында өткөн Шанхай кызматташтык уюмунун “Жашыл жана туруктуу  өнүгүү”форумуна катышты.   Энергетика министрлигинен билдиришкендей, ошондой эле  Ханджоу шаарында Кыргыз-Кытай бизнес форуму өтүп, 150дөн ашык бизнес өкүлдөрү катышты.  Эки өлкөнүн ортосунда практикалык  кызматташтыкты тереңдетүү, биргеликте долбоорлорду ишке ашыруу боюнча  жолугушуулар өткөрүлдү.   Анда Кыргызстандын энергетика тармагындагы келечектүү ири долбоорлор, кыргыз энергетикасынын потенциялы тууралуу презентация тартууланып, ишканалардын жана уюмдардын өкүлдөрү менен ачык диалог түзүүгө, кызматташуунун алдыдагы келечегин талкуулоого мүмкүнчүлүк түзүлдү.   Жолугушуунун алкагында кытай компанияларынын жана соода-өнөр жай  өкүлдөрү Кыргызстандын энергетика тармагындагы долбоорлорго катышууга кызыктар экенин билдиришип, бир катар суроолорду узатышты.  Өз кезинде энергетика министри Таалайбек Ибраев алардын ар бир суроосуна жана сунушуна так жана жеткиликтүү жооп узатып, ири долбоорлорду ишке ашыруу үчүн кыргыз тарап инвесторлор менен кызматташууга дайым даяр экенин билдирди. “Кыргызстандын аэропорттору” ААК жана “Асман Эйрлайнс” авиакомпаниясы Бишкек – Нарын – Бишкек багыты боюнча атайын акциялык кампания башталганын билдирди.  Маалым болгондой, 1-майдан тарта жүргүнчүлөр үчүн бир тарапка 1000 сом өлчөмүндөгү туруктуу тариф киргизилет. Бул борбор менен Нарын облусунун ортосундагы аба каттамдарын кыйла жеткиликтүү кылат.  Ошондой эле бул демилге аймактар ортосундагы байланыштарды өнүктүрүүгө, ички туризмди колдоого жана алыскы региондордун транспорттук жеткиликтүүлүгүн жогорулатууга багытталган.  Акция 2026-жылдын 31-июлуна чейин уланат. 6-майга чейин Кыргызстандын тоолуу жана тоо этектериндеги райондорунда күтүлүп жаткан туруксуз аба ырайына жана нөшөрлүү жаан-чачынга байланыштуу сел жүрүшү мүмкүн.  Кыргызгидромет кызматынан билдиришкендей, дарыяларда суунун деңгээли көтөрүлүшү күтүлөт. Калкка майрам жана эс алуу күндөрү коопсуздук чараларын сактап, тоо этектериндеги жана тоолуу аймактарга баруудан кармануу, дарыялардын жана капчыгайлардын жээгинде эс алуудан кармануу, ошондой эле нөшөрлүү жаан-чачын маалында тоо жолдору менен жүрбөө сунушталат.  “Жогоруда аталган күндөрү тоолуу райондордо, Балыкчы-Казарман-Жалал-Абад унаа жолунун 326-349-чакырымдарында (Көк-Арт ашуусу) жана Каракол- Эңилчек унаа жолунун 70-90-чакырымдарында (Чоң-Ашуу ашуусу) кар көчкү түшүүсү жана кар күрткүсү күтүлөт, жолдор тайгак болуп муз тоңот. Унаалардын ортосунда 500 метр аралык кыймыл чектелиши зарыл”,-деп айтылат маалыматта. Мамлекеттик салык кызматы жарандарды алдамчылык фактылары көбөйгөнүнө байланыштуу сак болууга чакырды. Акыркы учурда белгисиз адамдар салык органдарынын атынан жасалма билдирүүлөрдү таратып, акча талап кылууда.  Ведомство расмий билдирүүлөр почта же “Салык төлөөчүнүн жеке кабинети” аркылуу гана жөнөтүлөрүн, ал эми мессенджерлерде мындай маалыматтар",sputnik.kg,https://sputnik.kg/20260505/1101125976.html,08:59 05.05.2026(Жаңыртылды:09:16 05.05.2026),kyrgyz,0,high,news_site
39deeb34-ed25-442e-8f1b-bd5a09855d80,Cookie колдонуу жана автоматтык логирлөө саясаты,"Cookie колдонуу жана автоматтык логирлөө саясаты (мындан ары - Саясат) ""Россия сегодня"" ЭМА (Эл аралык маалымат агенттиги) (мындан ары - Агенттик) маалымат ресурстарына карата колдонулат. Сиздин жеке маалыматыңызды кантип колдонушубузду жакшыраак түшүнүү үчүн, сиз Саясатты Купуялык саясаты менен бирге окушуңуз керек. Cookie технологиясын колдонуу Агенттик өзүнүн маалымат ресурстарында cookie технологиясын колдонот. Cookie – бул биздин маалыматтык ресурстарга киргениңизде түзмөгүңүзгө (компьютер, мобилдик түзмөк) жайгаштырылуучу кичинекей тексттик файл. Ал маалыматтык ресурстарга кийинки жолу киргениңизде, аларды колдонуу ыңгайлуу болушу үчүн Сиздин түзмөгүңүздү таанууга жардам берет. Cookie сиздин Интернеттеги активдүүлүгүңүз тууралуу маалыматты сактайт, атап айтканда: · IP-дарек; · ОТ (операциялык тутум) түрү жана версиясы; · браузердин түрү жана версиясы; ·ОТ жана браузердин тили; · түзмөк түрү жана экранынын токтому; · жайгашкан жери тууралуу маалымат · колдонуучу сайтка кайдан келгенин көрсөтүүчү булак; · колдонуучу кайсы сайттан же кайсы жарнамадан келгени; · колдонуучу кандай баракчаларды ачат жана колдонуучу кандай баскычтарды басат. Маалымат ресурстары автоматтык түрдө маалыматтарды чогултат жана берилмелерди cookieлерге жазат. Cookie жеке жакты аныктоо же колдонуучунун профилин түзүү үчүн колдонулбайт, ошондой эле маалыматты башка берилмелер менен бириктирбейт. Cookie берилмелерин чогултуу максаттары Купуялык саясатынын 5.2 бөлүмүндө көрсөтүлгөн. Сайт cookie чогултуу жана талдоо куралдарын колдонот - бул ички жана тышкы кеңеш берүү тутумдары жана аналитика тутумдары, жарнамалык пикселдер жана трекерлер. Тийиштүү акысыз тышкы сервистерди колдонуп, cookie-файлдардын түрлөрүнүн сүрөттөмөсү менен өз алдынча таанышсаңыз болот, мисалы:https://www.hotcleaner.com/cookie-editor/. Өзүнүн кызматтарынан тышкары, маалыматтар ресурсу cookieни чогултуу жана талдоо үчүн үчүнчү тарап кызматтарын колдоно алат: · Google Analytics (https://www.google.com/analytics/) · Google Adsense (https://www.google.com/adsense/) · comScore (https://www.comscore.com/) · Doubleclick by Google (https://www.doubleclickbygoogle.com/) · Taboola (https://www.taboola.com/) · AdRiver (http://www.adriver.ru) · Yandex.Metrika (https://metrika.yandex.ru/) · LiveInternet (https://www.liveinternet.ru/) · Postquare (http://www.postquare.com/) · AdFox (https://www.adfox.ru/) · Yandex.Direct (https://direct.yandex.ru/) · Flurry* (http://flurry.com) · BEACONSPARK LTD (Engageya; Postquare) · WMG International, inc. (WMG) · ""ССП Нетворк"" ЖШК (Between Exchange) * Бул кызмат Android же iOS үчүн биздин мобилдик тиркемени пайдалануу учурунда гана колдонулат Биздин сайттарыбызда берилмелердин тийиштүү коопсуздук чараларын колдонуу менен берилмелерди иштетүүчү үчүнчү тарап кызматтары гана көрсөтүлгөн. Биз сиздин макулдугуңуз менен гана үчүнчү тараптын кызматтары тарабынан cookie чогултууну ишке ашырабыз. Cookie жана аларды кантип башкаруу жөнүндө маалымат https://www.allaboutcookies.org/ жалпыга жеткиликтүү ресурста жайгаштырылган. Онлайн жүрүм-турум жарнамалары жөнүндө көбүрөөк маалымат берүүчү уюмдар жөнүндө маалыматты жалпыга жеткиликтүү ресурстардан таанышсаңыз болот: · Evidon купуялыкты камсыздоо үчүн чечимдерди иштеп чыгуучу болуп саналат. · Интернет жарнама бюросунун (IAB) "" Your Online Choices "" баракчасы IAB тарабынан сунушталган ар бир жарнама тармагынан жүрүм-турум жарнамаларын алуудан баш тартууга мүмкүндүк берет. · Тармак жарнамалык демилгесинен (NAI) баш тартуу баракчасы NAI тарабынан сунушталган ар бир жарнама тармагынан жүрүм-турум жарнамаларын алуудан баш тартууга мүмкүндүк берет. · Интернетте жүрүм-турум жарнамасы тандоо баракчасы үчүн Digital Advertising Alliance өзүн-өзү жөнгө салуучу программасы. Cookie колдонууга макулдук берүү Маалымат ресурсуна биринчи жолу киргениңизде, cookie иштетүүгө макулдугуңузду сурайбыз. Экранда биз чогулта турган cookie жөнүндө эскертүү көрсөтүлөт. Cookieни иштетүүдөн баш тартуу Сиз браузериңиздин баптоолорунда cookieни өчүрүү же жок кылуу аркылуу cookieни иштетүүдөн баш тартууга укугуңуз бар. Бул параметрлер көбүнчө браузердин: ""Опциялар"", “Куралдар”, ""Баптоолор"" же ""Артыкчылыктар"" жана сиз колдонуп жаткан ж.б. менюсунда болот. Кээ бир браузерлер үчүн cookie чогултууну өчүрүү баптоолору төмөндө келтирилген: · Fire Fox · Internet Explorer · Google Chrome · Safari Cookiени өчүргөндөн же жок кылгандан кийин, маалымат ресурсуна ар жолу киргениңизде экранда cookie иштетүү жөнүндө эскертүү көрсөтүлөт. Cookieни сактоо Браузерди жапканыңызда кээ бир cookie түзмөгүңүздөн автоматтык түрдө жок кылынат. Кээ бир cookie белгилүү бир убакыттан кийин жок кылынат. Бул аралык сайтта өткөргөн убакыттан жана 3 жылга чейин өзгөрүшү мүмкүн. Браузериңиздин баптоолору аркылуу cookieни өчүрүп же жок кылганыңызда, файлдар аракеттериңизден кийин дароо жок кылынат. Сактоо мөөнөтү cookie файлынын түрүнө жараша болот. Тийиштүү акысыз тышкы сервистерди колдонуп, cookie-файлдын түрүнө жараша сактоо мөөнөтү менен өз алдынча таанышсаңыз болот, мисалы:https://www.hotcleaner.com/cookie-editor/. Автоматтык логирлөө Биздин web-серверлер жана коопсуздук тутумдары техникалык берилмелерди убактылуу сактайт. Техникалык берилмелерди иштетүү маалымат ресурстарынын иштешин жана алардын коопсуздугун камсыз кылууга арналган. Техникалык берилмелер төмөнкүлөрдү камтыйт: · Компьютериңиздин/ түзмөгүңүздүн IP дареги; · сиз сурай турган контент (сайтта суралган файлдын аталышы жана URL); ·суроо-талаптын датасы жана убактысы; · GMT убакыт алкагы; · байланыш абалы; · берилүүчү маалыматтардын көлөмү; · түзмөктүн техникалык мүнөздөмөлөрү, анын ичинде компьютериңиздин же түзмөгүңүздүн тили, браузер версиясы жана операциялык тутуму; · веб-сайттын URL дареги, эгерде веб-сайт шилтеме аркылуу жеткиликтүү болсо; · биздин мобилдик тиркемени орнотуп жатканда Сизге ыйгарылуучу түзмөктүн жеке номери.* * Бул маалымат Android же iOS үчүн мобилдик тиркемени колдонуу учурунда гана чогултулат. Техникалык берилмелер жеке жакты идентификациялоо же колдонуучунун профилин түзүү үчүн пайдаланылбайт, башка берилмелер менен бириктирилбейт жана өткөрүлүп берилбейт. Техникалык берилмелер чогултулган күндөн тартып 12 айга чейин сакталат. Сактоо мөөнөтү колдонуудагы архив мыйзамдарында талап кылынган учурда гана узартылышы мүмкүн. Бизге техникалык берилмелерди берүүдөн баш тартуунун бирден бир жолу – бул маалымат ресурсун колдонууну токтотуу.",sputnik.kg,https://sputnik.kg/20230201/1074546257.html,,kyrgyz,0,high,news_site
